TIME	LAT	LON	HUM	TMP	CO	ROH	CO2	TOL	NH4	ACE	PM5	FULL	VIS	IR	LUX
06:45:10 PM	0	0	75.7	29.7	85.46	3.68	1.25	2.71	0.52	4.15	0.44	-55.39	8	6	2	0.7344
06:45:11 PM	0	0	75.7	29.7	85.46	3.27	1.14	2.48	0.47	3.85	0.4	-59.59	8	7	1	0.9996
06:45:11 PM	0	0	75.7	29.7	85.46	3.27	1.14	2.48	0.47	3.85	0.4	-59.59	8	7	1	0.9996
06:45:12 PM	0	0	75.7	29.7	85.46	4.47	1.47	3.12	0.61	4.68	0.52	-56.23	8	7	1	0.9996
06:45:12 PM	0	0	75.7	29.7	85.46	4.47	1.47	3.12	0.61	4.68	0.52	-56.23	8	7	1	0.9996
06:45:13 PM	0	0	75.7	29.7	85.46	4.82	1.56	3.29	0.65	4.91	0.55	-58.75	8	6	2	0.7344
06:45:13 PM	0	0	75.7	29.7	85.46	4.82	1.56	3.29	0.65	4.91	0.55	-58.75	8	6	2	0.7344
06:45:14 PM	0	0	75.7	29.7	85.46	4.14	1.38	2.95	0.57	4.46	0.49	-57.91	8	7	1	0.9996
06:45:14 PM	0	0	75.7	29.7	85.46	4.14	1.38	2.95	0.57	4.46	0.49	-57.91	8	7	1	0.9996
06:45:15 PM	0	0	75.7	29.7	85.46	4.3	1.42	3.03	0.59	4.57	0.5	-57.91	8	6	2	0.7344
06:45:15 PM	0	0	75.7	29.7	85.46	4.3	1.42	3.03	0.59	4.57	0.5	-57.91	8	6	2	0.7344
06:45:16 PM	0	0	75.8	29.8	85.64	4.14	1.38	2.95	0.57	4.46	0.49	-57.07	8	6	2	0.7344
06:45:16 PM	0	0	75.8	29.8	85.64	4.14	1.38	2.95	0.57	4.46	0.49	-57.07	8	6	2	0.7344
06:45:17 PM	0	0	75.8	29.8	85.64	4.47	1.47	3.12	0.61	4.68	0.52	-59.59	8	6	2	0.7344
06:45:17 PM	0	0	75.8	29.8	85.64	4.47	1.47	3.12	0.61	4.68	0.52	-59.59	8	6	2	0.7344
06:45:18 PM	0	0	75.8	29.8	85.64	4.3	1.42	3.03	0.59	4.57	0.5	-56.23	8	7	1	0.9996
06:45:18 PM	0	0	75.8	29.8	85.64	4.3	1.42	3.03	0.59	4.57	0.5	-56.23	8	7	1	0.9996
06:45:19 PM	0	0	75.7	29.8	85.64	3.83	1.29	2.79	0.54	4.25	0.46	-56.23	8	7	1	0.9996
06:45:19 PM	0	0	75.7	29.8	85.64	3.83	1.29	2.79	0.54	4.25	0.46	-56.23	8	7	1	0.9996
06:45:20 PM	0	0	75.7	29.8	85.64	4.3	1.42	3.03	0.59	4.57	0.5	-58.75	7	5	2	0.582857
06:45:20 PM	0	0	75.7	29.8	85.64	4.3	1.42	3.03	0.59	4.57	0.5	-58.75	7	5	2	0.582857
06:45:21 PM	0	0	75.7	29.8	85.64	3.83	1.29	2.79	0.54	4.25	0.46	-57.91	8	7	1	0.9996
06:45:21 PM	0	0	75.7	29.8	85.64	3.83	1.29	2.79	0.54	4.25	0.46	-57.91	8	7	1	0.9996
06:45:22 PM	0	0	75.6	29.8	85.64	4.64	1.51	3.2	0.63	4.8	0.54	-58.75	8	7	1	0.9996
06:45:22 PM	0	0	75.6	29.8	85.64	4.64	1.51	3.2	0.63	4.8	0.54	-58.75	8	7	1	0.9996
06:45:23 PM	0	0	75.6	29.8	85.64	4.3	1.42	3.03	0.59	4.57	0.5	-56.23	8	6	2	0.7344
06:45:23 PM	0	0	75.6	29.8	85.64	4.3	1.42	3.03	0.59	4.57	0.5	-56.23	8	6	2	0.7344
06:45:24 PM	0	0	75.6	29.8	85.64	4.14	1.38	2.95	0.57	4.46	0.49	-57.07	8	7	1	0.9996
06:45:24 PM	0	0	75.6	29.8	85.64	4.14	1.38	2.95	0.57	4.46	0.49	-57.07	8	7	1	0.9996
06:45:25 PM	0	0	75.5	29.7	85.46	4.82	1.56	3.29	0.65	4.91	0.55	-57.91	8	7	1	0.9996
06:45:25 PM	0	0	75.5	29.7	85.46	4.82	1.56	3.29	0.65	4.91	0.55	-57.91	8	7	1	0.9996
06:45:26 PM	0	0	75.5	29.7	85.46	4.3	1.42	3.03	0.59	4.57	0.5	-57.07	8	6	2	0.7344
06:45:26 PM	0	0	75.5	29.7	85.46	4.3	1.42	3.03	0.59	4.57	0.5	-57.07	8	6	2	0.7344
06:45:27 PM	0	0	75.5	29.7	85.46	4.47	1.47	3.12	0.61	4.68	0.52	-57.91	8	6	2	0.7344
06:45:27 PM	0	0	75.5	29.7	85.46	4.47	1.47	3.12	0.61	4.68	0.52	-57.91	8	6	2	0.7344
06:45:28 PM	0	0	75.3	29.7	85.46	4.3	1.42	3.03	0.59	4.57	0.5	-58.75	8	7	1	0.9996
06:45:28 PM	0	0	75.3	29.7	85.46	4.3	1.42	3.03	0.59	4.57	0.5	-58.75	8	7	1	0.9996
06:45:29 PM	0	0	75.3	29.7	85.46	4.3	1.42	3.03	0.59	4.57	0.5	-57.91	8	7	1	0.9996
06:45:29 PM	0	0	75.3	29.7	85.46	4.3	1.42	3.03	0.59	4.57	0.5	-57.91	8	7	1	0.9996
06:45:30 PM	0	0	75.3	29.7	85.46	4.47	1.47	3.12	0.61	4.68	0.52	-57.91	8	7	1	0.9996
06:45:30 PM	0	0	75.3	29.7	85.46	4.47	1.47	3.12	0.61	4.68	0.52	-57.91	8	7	1	0.9996
06:45:31 PM	0	0	75.3	29.8	85.64	3.98	1.34	2.87	0.55	4.36	0.47	-57.91	8	6	2	0.7344
06:45:31 PM	0	0	75.3	29.8	85.64	3.98	1.34	2.87	0.55	4.36	0.47	-57.91	8	6	2	0.7344
06:45:32 PM	0	0	75.3	29.8	85.64	4.3	1.42	3.03	0.59	4.57	0.5	-57.07	7	6	1	0.839314
06:45:32 PM	0	0	75.3	29.8	85.64	4.3	1.42	3.03	0.59	4.57	0.5	-57.07	7	6	1	0.839314
06:45:33 PM	0	0	75.3	29.8	85.64	3.98	1.34	2.87	0.55	4.36	0.47	-59.59	8	7	1	0.9996
06:45:33 PM	0	0	75.3	29.8	85.64	3.98	1.34	2.87	0.55	4.36	0.47	-59.59	8	7	1	0.9996
06:45:34 PM	0	0	75.1	29.8	85.64	4.64	1.51	3.2	0.63	4.8	0.54	-59.59	8	7	1	0.9996
06:45:34 PM	0	0	75.1	29.8	85.64	4.64	1.51	3.2	0.63	4.8	0.54	-59.59	8	7	1	0.9996
06:45:35 PM	0	0	75.1	29.8	85.64	4.3	1.42	3.03	0.59	4.57	0.5	-57.91	8	6	2	0.7344
06:45:35 PM	0	0	75.1	29.8	85.64	4.3	1.42	3.03	0.59	4.57	0.5	-57.91	8	6	2	0.7344
06:45:36 PM	0	0	75.1	29.8	85.64	4.14	1.38	2.95	0.57	4.46	0.49	-59.59	8	7	1	0.9996
06:45:36 PM	0	0	75.1	29.8	85.64	4.14	1.38	2.95	0.57	4.46	0.49	-59.59	8	7	1	0.9996
06:45:37 PM	0	0	75.1	29.8	85.64	4.47	1.47	3.12	0.61	4.68	0.52	-57.07	7	5	2	0.582857
06:45:37 PM	0	0	75.1	29.8	85.64	4.47	1.47	3.12	0.61	4.68	0.52	-57.07	7	5	2	0.582857
06:45:38 PM	0	0	75.1	29.8	85.64	3.68	1.25	2.71	0.52	4.15	0.44	-56.23	7	6	1	0.839314
06:45:38 PM	0	0	75.1	29.8	85.64	3.68	1.25	2.71	0.52	4.15	0.44	-56.23	7	6	1	0.839314
06:45:39 PM	0	0	75.1	29.8	85.64	4.47	1.47	3.12	0.61	4.68	0.52	-59.59	7	6	1	0.839314
06:45:39 PM	0	0	75.1	29.8	85.64	4.47	1.47	3.12	0.61	4.68	0.52	-59.59	7	6	1	0.839314
06:45:40 PM	0	0	75.2	29.8	85.64	4.3	1.42	3.03	0.59	4.57	0.5	-57.07	7	6	1	0.839314
06:45:40 PM	0	0	75.2	29.8	85.64	4.3	1.42	3.03	0.59	4.57	0.5	-57.07	7	6	1	0.839314
06:45:41 PM	0	0	75.2	29.8	85.64	3.98	1.34	2.87	0.55	4.36	0.47	-61.27	7	6	1	0.839314
06:45:41 PM	0	0	75.2	29.8	85.64	3.98	1.34	2.87	0.55	4.36	0.47	-61.27	7	6	1	0.839314
06:45:42 PM	0	0	75.2	29.8	85.64	3.83	1.29	2.79	0.54	4.25	0.46	-59.59	7	6	1	0.839314
06:45:42 PM	0	0	75.2	29.8	85.64	3.83	1.29	2.79	0.54	4.25	0.46	-59.59	7	6	1	0.839314
06:45:43 PM	0	0	75.1	29.8	85.64	3.83	1.29	2.79	0.54	4.25	0.46	-57.91	7	6	1	0.839314
06:45:43 PM	0	0	75.1	29.8	85.64	3.83	1.29	2.79	0.54	4.25	0.46	-57.91	7	6	1	0.839314
06:45:44 PM	0	0	75.1	29.8	85.64	3.83	1.29	2.79	0.54	4.25	0.46	-57.91	8	6	2	0.7344
06:45:44 PM	0	0	75.1	29.8	85.64	3.83	1.29	2.79	0.54	4.25	0.46	-57.91	8	6	2	0.7344
06:45:45 PM	0	0	75.1	29.8	85.64	4.14	1.38	2.95	0.57	4.46	0.49	-56.23	8	6	2	0.7344
06:45:45 PM	0	0	75.1	29.8	85.64	4.14	1.38	2.95	0.57	4.46	0.49	-56.23	8	6	2	0.7344
06:45:46 PM	0	0	75	29.8	85.64	4.64	1.51	3.2	0.63	4.8	0.54	-57.91	8	6	2	0.7344
06:45:46 PM	0	0	75	29.8	85.64	4.64	1.51	3.2	0.63	4.8	0.54	-57.91	8	6	2	0.7344
06:45:47 PM	0	0	75	29.8	85.64	4.47	1.47	3.12	0.61	4.68	0.52	-58.75	8	7	1	0.9996
06:45:47 PM	0	0	75	29.8	85.64	4.47	1.47	3.12	0.61	4.68	0.52	-58.75	8	7	1	0.9996
06:45:48 PM	0	0	75	29.8	85.64	3.98	1.34	2.87	0.55	4.36	0.47	-57.91	8	7	1	0.9996
06:45:48 PM	0	0	75	29.8	85.64	3.98	1.34	2.87	0.55	4.36	0.47	-57.91	8	7	1	0.9996
06:45:49 PM	0	0	74.9	29.8	85.64	4.14	1.38	2.95	0.57	4.46	0.49	-57.07	8	7	1	0.9996
06:45:49 PM	0	0	74.9	29.8	85.64	4.14	1.38	2.95	0.57	4.46	0.49	-57.07	8	7	1	0.9996
06:45:50 PM	0	0	74.9	29.8	85.64	4.14	1.38	2.95	0.57	4.46	0.49	-58.75	8	7	1	0.9996
06:45:50 PM	0	0	74.9	29.8	85.64	4.14	1.38	2.95	0.57	4.46	0.49	-58.75	8	7	1	0.9996
06:45:51 PM	0	0	74.9	29.8	85.64	3.98	1.34	2.87	0.55	4.36	0.47	-58.75	8	6	2	0.7344
06:45:51 PM	0	0	74.9	29.8	85.64	3.98	1.34	2.87	0.55	4.36	0.47	-58.75	8	6	2	0.7344
06:45:52 PM	0	0	75	29.9	85.82	4.47	1.47	3.12	0.61	4.68	0.52	-57.07	8	6	2	0.7344
06:45:52 PM	0	0	75	29.9	85.82	4.47	1.47	3.12	0.61	4.68	0.52	-57.07	8	6	2	0.7344
06:45:53 PM	0	0	75	29.9	85.82	3.54	1.21	2.63	0.5	4.05	0.43	-59.59	8	6	2	0.7344
06:45:53 PM	0	0	75	29.9	85.82	3.54	1.21	2.63	0.5	4.05	0.43	-59.59	8	6	2	0.7344
06:45:54 PM	0	0	75	29.9	85.82	3.54	1.21	2.63	0.5	4.05	0.43	-57.91	8	6	2	0.7344
06:45:54 PM	0	0	75	29.9	85.82	3.54	1.21	2.63	0.5	4.05	0.43	-57.91	8	6	2	0.7344
06:45:55 PM	0	0	74.9	29.8	85.64	3.83	1.29	2.79	0.54	4.25	0.46	-59.59	8	6	2	0.7344
06:45:55 PM	0	0	74.9	29.8	85.64	3.83	1.29	2.79	0.54	4.25	0.46	-59.59	8	6	2	0.7344
06:45:56 PM	0	0	74.9	29.8	85.64	3.98	1.34	2.87	0.55	4.36	0.47	-57.91	8	6	2	0.7344
06:45:56 PM	0	0	74.9	29.8	85.64	3.98	1.34	2.87	0.55	4.36	0.47	-57.91	8	6	2	0.7344
06:45:57 PM	0	0	74.9	29.8	85.64	4.14	1.38	2.95	0.57	4.46	0.49	-58.75	8	7	1	0.9996
06:45:57 PM	0	0	74.9	29.8	85.64	4.14	1.38	2.95	0.57	4.46	0.49	-58.75	8	7	1	0.9996
06:45:58 PM	0	0	74.9	29.8	85.64	3.98	1.34	2.87	0.55	4.36	0.47	-58.75	8	7	1	0.9996
06:45:58 PM	0	0	74.9	29.8	85.64	3.98	1.34	2.87	0.55	4.36	0.47	-58.75	8	7	1	0.9996
06:45:59 PM	0	0	74.9	29.8	85.64	4.14	1.38	2.95	0.57	4.46	0.49	-59.59	8	6	2	0.7344
06:45:59 PM	0	0	74.9	29.8	85.64	4.14	1.38	2.95	0.57	4.46	0.49	-59.59	8	6	2	0.7344
06:46:00 PM	0	0	74.9	29.8	85.64	3.83	1.29	2.79	0.54	4.25	0.46	-58.75	8	7	1	0.9996
06:46:00 PM	0	0	74.9	29.8	85.64	3.83	1.29	2.79	0.54	4.25	0.46	-58.75	8	7	1	0.9996
06:46:01 PM	0	0	75	29.9	85.82	4.3	1.42	3.03	0.59	4.57	0.5	-57.07	8	7	1	0.9996
06:46:01 PM	0	0	75	29.9	85.82	4.3	1.42	3.03	0.59	4.57	0.5	-57.07	8	7	1	0.9996
06:46:02 PM	0	0	75	29.9	85.82	3.68	1.25	2.71	0.52	4.15	0.44	-60.43	8	7	1	0.9996
06:46:02 PM	0	0	75	29.9	85.82	3.68	1.25	2.71	0.52	4.15	0.44	-60.43	8	7	1	0.9996
06:46:03 PM	0	0	75	29.9	85.82	3.83	1.29	2.79	0.54	4.25	0.46	-59.59	8	7	1	0.9996
06:46:03 PM	0	0	75	29.9	85.82	3.83	1.29	2.79	0.54	4.25	0.46	-59.59	8	7	1	0.9996
06:46:04 PM	0	0	74.8	29.8	85.64	3.98	1.34	2.87	0.55	4.36	0.47	-57.91	8	6	2	0.7344
06:46:04 PM	0	0	74.8	29.8	85.64	3.98	1.34	2.87	0.55	4.36	0.47	-57.91	8	6	2	0.7344
06:46:05 PM	0	0	74.8	29.8	85.64	3.98	1.34	2.87	0.55	4.36	0.47	-57.91	8	6	2	0.7344
06:46:05 PM	0	0	74.8	29.8	85.64	3.98	1.34	2.87	0.55	4.36	0.47	-57.91	8	6	2	0.7344
06:46:06 PM	0	0	74.8	29.8	85.64	3.68	1.25	2.71	0.52	4.15	0.44	-58.75	8	6	2	0.7344
06:46:06 PM	0	0	74.8	29.8	85.64	3.68	1.25	2.71	0.52	4.15	0.44	-58.75	8	6	2	0.7344
06:46:07 PM	0	0	74.7	29.8	85.64	3.98	1.34	2.87	0.55	4.36	0.47	-57.91	8	6	2	0.7344
06:46:07 PM	0	0	74.7	29.8	85.64	3.98	1.34	2.87	0.55	4.36	0.47	-57.91	8	6	2	0.7344
06:46:08 PM	0	0	74.7	29.8	85.64	3.83	1.29	2.79	0.54	4.25	0.46	-57.07	8	6	2	0.7344
06:46:08 PM	0	0	74.7	29.8	85.64	3.83	1.29	2.79	0.54	4.25	0.46	-57.07	8	6	2	0.7344
06:46:09 PM	0	0	74.7	29.8	85.64	3.68	1.25	2.71	0.52	4.15	0.44	-57.91	8	6	2	0.7344
06:46:09 PM	0	0	74.7	29.8	85.64	3.68	1.25	2.71	0.52	4.15	0.44	-57.91	8	6	2	0.7344
06:46:10 PM	0	0	74.7	29.9	85.82	4.14	1.38	2.95	0.57	4.46	0.49	-58.75	7	5	2	0.582857
06:46:10 PM	0	0	74.7	29.9	85.82	4.14	1.38	2.95	0.57	4.46	0.49	-58.75	7	5	2	0.582857
06:46:11 PM	0	0	74.7	29.9	85.82	4.14	1.38	2.95	0.57	4.46	0.49	-57.91	7	6	1	0.839314
06:46:11 PM	0	0	74.7	29.9	85.82	4.14	1.38	2.95	0.57	4.46	0.49	-57.91	7	6	1	0.839314
06:46:12 PM	0	0	74.6	29.9	85.82	4.14	1.38	2.95	0.57	4.46	0.49	-58.75	7	6	1	0.839314
06:46:12 PM	0	0	74.6	29.9	85.82	4.14	1.38	2.95	0.57	4.46	0.49	-58.75	7	6	1	0.839314
06:46:13 PM	0	0	74.6	29.9	85.82	3.83	1.29	2.79	0.54	4.25	0.46	-58.75	7	6	1	0.839314
06:46:13 PM	0	0	74.6	29.9	85.82	3.83	1.29	2.79	0.54	4.25	0.46	-58.75	7	6	1	0.839314
06:46:14 PM	0	0	74.6	29.9	85.82	3.83	1.29	2.79	0.54	4.25	0.46	-61.27	8	7	1	0.9996
06:46:14 PM	0	0	74.6	29.9	85.82	3.83	1.29	2.79	0.54	4.25	0.46	-61.27	8	7	1	0.9996
06:46:15 PM	0	0	74.6	29.9	85.82	3.83	1.29	2.79	0.54	4.25	0.46	-58.75	8	7	1	0.9996
06:46:15 PM	0	0	74.6	29.9	85.82	3.83	1.29	2.79	0.54	4.25	0.46	-58.75	8	7	1	0.9996
06:46:16 PM	0	0	74.6	29.9	85.82	3.27	1.14	2.48	0.47	3.85	0.4	-59.59	8	6	2	0.7344
06:46:16 PM	0	0	74.6	29.9	85.82	3.27	1.14	2.48	0.47	3.85	0.4	-59.59	8	6	2	0.7344
06:46:17 PM	0	0	74.6	29.9	85.82	3.83	1.29	2.79	0.54	4.25	0.46	-59.59	8	6	2	0.7344
06:46:17 PM	0	0	74.6	29.9	85.82	3.83	1.29	2.79	0.54	4.25	0.46	-59.59	8	6	2	0.7344
06:46:18 PM	0	0	74.5	29.9	85.82	3.98	1.34	2.87	0.55	4.36	0.47	-58.75	8	6	2	0.7344
06:46:18 PM	0	0	74.5	29.9	85.82	3.98	1.34	2.87	0.55	4.36	0.47	-58.75	8	6	2	0.7344
06:46:19 PM	0	0	74.5	29.9	85.82	3.4	1.18	2.56	0.48	3.95	0.41	-58.75	8	6	2	0.7344
06:46:19 PM	0	0	74.5	29.9	85.82	3.4	1.18	2.56	0.48	3.95	0.41	-58.75	8	6	2	0.7344
06:46:20 PM	0	0	74.5	29.9	85.82	3.54	1.21	2.63	0.5	4.05	0.43	-60.43	8	7	1	0.9996
06:46:20 PM	0	0	74.5	29.9	85.82	3.54	1.21	2.63	0.5	4.05	0.43	-60.43	8	7	1	0.9996
06:46:21 PM	0	0	74.3	29.8	85.64	3.83	1.29	2.79	0.54	4.25	0.46	-57.91	8	6	2	0.7344
06:46:21 PM	0	0	74.3	29.8	85.64	3.83	1.29	2.79	0.54	4.25	0.46	-57.91	8	6	2	0.7344
06:46:22 PM	0	0	74.3	29.8	85.64	3.83	1.29	2.79	0.54	4.25	0.46	-61.27	8	6	2	0.7344
06:46:22 PM	0	0	74.3	29.8	85.64	3.83	1.29	2.79	0.54	4.25	0.46	-61.27	8	6	2	0.7344
06:46:23 PM	0	0	74.3	29.8	85.64	3.68	1.25	2.71	0.52	4.15	0.44	-59.59	8	6	2	0.7344
06:46:23 PM	0	0	74.3	29.8	85.64	3.68	1.25	2.71	0.52	4.15	0.44	-59.59	8	6	2	0.7344
06:46:24 PM	0	0	74.3	29.9	85.82	4.3	1.42	3.03	0.59	4.57	0.5	-57.91	8	7	1	0.9996
06:46:24 PM	0	0	74.3	29.9	85.82	4.3	1.42	3.03	0.59	4.57	0.5	-57.91	8	7	1	0.9996
06:46:25 PM	0	0	74.3	29.9	85.82	3.83	1.29	2.79	0.54	4.25	0.46	-58.75	8	6	2	0.7344
06:46:25 PM	0	0	74.3	29.9	85.82	3.83	1.29	2.79	0.54	4.25	0.46	-58.75	8	6	2	0.7344
06:46:26 PM	0	0	74.3	29.9	85.82	4.3	1.42	3.03	0.59	4.57	0.5	-58.75	8	7	1	0.9996
06:46:26 PM	0	0	74.3	29.9	85.82	4.3	1.42	3.03	0.59	4.57	0.5	-58.75	8	7	1	0.9996
06:46:27 PM	0	0	74.2	29.9	85.82	3.68	1.25	2.71	0.52	4.15	0.44	-58.75	8	7	1	0.9996
06:46:27 PM	0	0	74.2	29.9	85.82	3.68	1.25	2.71	0.52	4.15	0.44	-58.75	8	7	1	0.9996
06:46:28 PM	0	0	74.2	29.9	85.82	3.27	1.14	2.48	0.47	3.85	0.4	-58.75	8	7	1	0.9996
06:46:28 PM	0	0	74.2	29.9	85.82	3.27	1.14	2.48	0.47	3.85	0.4	-58.75	8	7	1	0.9996
06:46:29 PM	0	0	74.2	29.9	85.82	3.4	1.18	2.56	0.48	3.95	0.41	-58.75	8	6	2	0.7344
06:46:29 PM	0	0	74.2	29.9	85.82	3.4	1.18	2.56	0.48	3.95	0.41	-58.75	8	6	2	0.7344
06:46:30 PM	0	0	74.2	29.9	85.82	3.54	1.21	2.63	0.5	4.05	0.43	-59.59	8	6	2	0.7344
06:46:30 PM	0	0	74.2	29.9	85.82	3.54	1.21	2.63	0.5	4.05	0.43	-59.59	8	6	2	0.7344
06:46:31 PM	0	0	74.2	29.9	85.82	3.98	1.34	2.87	0.55	4.36	0.47	-61.27	8	6	2	0.7344
06:46:31 PM	0	0	74.2	29.9	85.82	3.98	1.34	2.87	0.55	4.36	0.47	-61.27	8	6	2	0.7344
06:46:32 PM	0	0	74.2	29.9	85.82	3.54	1.21	2.63	0.5	4.05	0.43	-57.91	8	7	1	0.9996
06:46:32 PM	0	0	74.2	29.9	85.82	3.54	1.21	2.63	0.5	4.05	0.43	-57.91	8	7	1	0.9996
06:46:33 PM	0	0	74.2	29.9	85.82	3.83	1.29	2.79	0.54	4.25	0.46	-58.75	8	6	2	0.7344
06:46:33 PM	0	0	74.2	29.9	85.82	3.83	1.29	2.79	0.54	4.25	0.46	-58.75	8	6	2	0.7344
06:46:34 PM	0	0	74.2	29.9	85.82	3.98	1.34	2.87	0.55	4.36	0.47	-61.27	8	6	2	0.7344
06:46:34 PM	0	0	74.2	29.9	85.82	3.98	1.34	2.87	0.55	4.36	0.47	-61.27	8	6	2	0.7344
06:46:35 PM	0	0	74.1	29.9	85.82	3.68	1.25	2.71	0.52	4.15	0.44	-58.75	8	7	1	0.9996
06:46:35 PM	0	0	74.1	29.9	85.82	3.68	1.25	2.71	0.52	4.15	0.44	-58.75	8	7	1	0.9996
06:46:36 PM	0	0	74.1	29.9	85.82	3.68	1.25	2.71	0.52	4.15	0.44	-58.75	8	7	1	0.9996
06:46:36 PM	0	0	74.1	29.9	85.82	3.68	1.25	2.71	0.52	4.15	0.44	-58.75	8	7	1	0.9996
06:46:37 PM	0	0	74.1	29.9	85.82	3.83	1.29	2.79	0.54	4.25	0.46	-59.59	8	6	2	0.7344
06:46:37 PM	0	0	74.1	29.9	85.82	3.83	1.29	2.79	0.54	4.25	0.46	-59.59	8	6	2	0.7344
06:46:38 PM	0	0	74.1	29.9	85.82	3.83	1.29	2.79	0.54	4.25	0.46	-59.59	8	7	1	0.9996
06:46:38 PM	0	0	74.1	29.9	85.82	3.83	1.29	2.79	0.54	4.25	0.46	-59.59	8	7	1	0.9996
06:46:39 PM	0	0	74.1	29.9	85.82	3.83	1.29	2.79	0.54	4.25	0.46	-58.75	8	7	1	0.9996
06:46:39 PM	0	0	74.1	29.9	85.82	3.83	1.29	2.79	0.54	4.25	0.46	-58.75	8	7	1	0.9996
06:46:40 PM	0	0	74	29.9	85.82	3.54	1.21	2.63	0.5	4.05	0.43	-59.59	8	7	1	0.9996
06:46:40 PM	0	0	74	29.9	85.82	3.54	1.21	2.63	0.5	4.05	0.43	-59.59	8	7	1	0.9996
06:46:41 PM	0	0	74	29.9	85.82	3.4	1.18	2.56	0.48	3.95	0.41	-57.91	8	7	1	0.9996
06:46:41 PM	0	0	74	29.9	85.82	3.4	1.18	2.56	0.48	3.95	0.41	-57.91	8	7	1	0.9996
06:46:42 PM	0	0	74	29.9	85.82	3.54	1.21	2.63	0.5	4.05	0.43	-59.59	8	7	1	0.9996
06:46:42 PM	0	0	74	29.9	85.82	3.54	1.21	2.63	0.5	4.05	0.43	-59.59	8	7	1	0.9996
06:46:43 PM	0	0	74.1	30	86	3.83	1.29	2.79	0.54	4.25	0.46	-59.59	8	7	1	0.9996
06:46:43 PM	0	0	74.1	30	86	3.83	1.29	2.79	0.54	4.25	0.46	-59.59	8	7	1	0.9996
06:46:44 PM	0	0	74.1	30	86	3.68	1.25	2.71	0.52	4.15	0.44	-58.75	7	6	1	0.839314
06:46:44 PM	0	0	74.1	30	86	3.68	1.25	2.71	0.52	4.15	0.44	-58.75	7	6	1	0.839314
06:46:45 PM	0	0	74.1	30	86	3.83	1.29	2.79	0.54	4.25	0.46	-58.75	8	7	1	0.9996
06:46:45 PM	0	0	74.1	30	86	3.83	1.29	2.79	0.54	4.25	0.46	-58.75	8	7	1	0.9996
06:46:46 PM	0	0	74	29.9	85.82	3.98	1.34	2.87	0.55	4.36	0.47	-58.75	7	6	1	0.839314
06:46:46 PM	0	0	74	29.9	85.82	3.98	1.34	2.87	0.55	4.36	0.47	-58.75	7	6	1	0.839314
06:46:47 PM	0	0	74	29.9	85.82	3.54	1.21	2.63	0.5	4.05	0.43	-62.11	8	7	1	0.9996
06:46:47 PM	0	0	74	29.9	85.82	3.54	1.21	2.63	0.5	4.05	0.43	-62.11	8	7	1	0.9996
06:46:48 PM	0	0	74	29.9	85.82	3.68	1.25	2.71	0.52	4.15	0.44	-59.59	8	7	1	0.9996
06:46:48 PM	0	0	74	29.9	85.82	3.68	1.25	2.71	0.52	4.15	0.44	-59.59	8	7	1	0.9996
06:46:49 PM	0	0	74	30	86	3.68	1.25	2.71	0.52	4.15	0.44	-57.91	7	6	1	0.839314
06:46:49 PM	0	0	74	30	86	3.68	1.25	2.71	0.52	4.15	0.44	-57.91	7	6	1	0.839314
06:46:50 PM	0	0	74	30	86	3.68	1.25	2.71	0.52	4.15	0.44	-58.75	8	7	1	0.9996
06:46:50 PM	0	0	74	30	86	3.68	1.25	2.71	0.52	4.15	0.44	-58.75	8	7	1	0.9996
06:46:51 PM	0	0	74	30	86	3.68	1.25	2.71	0.52	4.15	0.44	-57.91	8	7	1	0.9996
06:46:51 PM	0	0	74	30	86	3.68	1.25	2.71	0.52	4.15	0.44	-57.91	8	7	1	0.9996
06:46:52 PM	0	0	74	30	86	3.68	1.25	2.71	0.52	4.15	0.44	-58.75	7	6	1	0.839314
06:46:52 PM	0	0	74	30	86	3.68	1.25	2.71	0.52	4.15	0.44	-58.75	7	6	1	0.839314
06:46:53 PM	0	0	74	30	86	3.68	1.25	2.71	0.52	4.15	0.44	-59.59	8	7	1	0.9996
06:46:53 PM	0	0	74	30	86	3.68	1.25	2.71	0.52	4.15	0.44	-59.59	8	7	1	0.9996
06:46:54 PM	0	0	74	30	86	3.54	1.21	2.63	0.5	4.05	0.43	-59.59	8	7	1	0.9996
06:46:54 PM	0	0	74	30	86	3.54	1.21	2.63	0.5	4.05	0.43	-59.59	8	7	1	0.9996
06:46:55 PM	0	0	74	30	86	3.68	1.25	2.71	0.52	4.15	0.44	-59.59	7	5	2	0.582857
06:46:55 PM	0	0	74	30	86	3.68	1.25	2.71	0.52	4.15	0.44	-59.59	7	5	2	0.582857
06:46:56 PM	0	0	74.2	30	86	3.83	1.29	2.79	0.54	4.25	0.46	-57.91	8	7	1	0.9996
06:46:56 PM	0	0	74.2	30	86	3.83	1.29	2.79	0.54	4.25	0.46	-57.91	8	7	1	0.9996
06:46:57 PM	0	0	74.2	30	86	3.54	1.21	2.63	0.5	4.05	0.43	-59.59	7	6	1	0.839314
06:46:57 PM	0	0	74.2	30	86	3.54	1.21	2.63	0.5	4.05	0.43	-59.59	7	6	1	0.839314
06:46:58 PM	0	0	74.2	30	86	3.54	1.21	2.63	0.5	4.05	0.43	-59.59	7	6	1	0.839314
06:46:58 PM	0	0	74.2	30	86	3.54	1.21	2.63	0.5	4.05	0.43	-59.59	7	6	1	0.839314
06:46:59 PM	0	0	74.3	30	86	3.83	1.29	2.79	0.54	4.25	0.46	-61.27	7	6	1	0.839314
06:46:59 PM	0	0	74.3	30	86	3.83	1.29	2.79	0.54	4.25	0.46	-61.27	7	6	1	0.839314
06:47:00 PM	0	0	74.3	30	86	3.54	1.21	2.63	0.5	4.05	0.43	-58.75	8	7	1	0.9996
06:47:00 PM	0	0	74.3	30	86	3.54	1.21	2.63	0.5	4.05	0.43	-58.75	8	7	1	0.9996
06:47:01 PM	0	0	74.3	30	86	3.83	1.29	2.79	0.54	4.25	0.46	-57.07	7	6	1	0.839314
06:47:01 PM	0	0	74.3	30	86	3.83	1.29	2.79	0.54	4.25	0.46	-57.07	7	6	1	0.839314
06:47:02 PM	0	0	74.3	30	86	3.54	1.21	2.63	0.5	4.05	0.43	-57.91	7	6	1	0.839314
06:47:02 PM	0	0	74.3	30	86	3.54	1.21	2.63	0.5	4.05	0.43	-57.91	7	6	1	0.839314
06:47:03 PM	0	0	74.3	30	86	3.68	1.25	2.71	0.52	4.15	0.44	-58.75	7	6	1	0.839314
06:47:03 PM	0	0	74.3	30	86	3.68	1.25	2.71	0.52	4.15	0.44	-58.75	7	6	1	0.839314
06:47:04 PM	0	0	74.3	30	86	3.54	1.21	2.63	0.5	4.05	0.43	-59.59	7	6	1	0.839314
06:47:04 PM	0	0	74.3	30	86	3.54	1.21	2.63	0.5	4.05	0.43	-59.59	7	6	1	0.839314
06:47:05 PM	0	0	74.3	30	86	4.14	1.38	2.95	0.57	4.46	0.49	-59.59	7	6	1	0.839314
06:47:05 PM	0	0	74.3	30	86	4.14	1.38	2.95	0.57	4.46	0.49	-59.59	7	6	1	0.839314
06:47:06 PM	0	0	74.3	30	86	3.54	1.21	2.63	0.5	4.05	0.43	-60.43	8	7	1	0.9996
06:47:06 PM	0	0	74.3	30	86	3.54	1.21	2.63	0.5	4.05	0.43	-60.43	8	7	1	0.9996
06:47:07 PM	0	0	74.3	30	86	3.54	1.21	2.63	0.5	4.05	0.43	-57.07	7	6	1	0.839314
06:47:07 PM	0	0	74.3	30	86	3.54	1.21	2.63	0.5	4.05	0.43	-57.07	7	6	1	0.839314
06:47:08 PM	0	0	74.2	30	86	3.54	1.21	2.63	0.5	4.05	0.43	-58.75	8	7	1	0.9996
06:47:08 PM	0	0	74.2	30	86	3.54	1.21	2.63	0.5	4.05	0.43	-58.75	8	7	1	0.9996
06:47:09 PM	0	0	74.2	30	86	3.27	1.14	2.48	0.47	3.85	0.4	-59.59	8	7	1	0.9996
06:47:09 PM	0	0	74.2	30	86	3.27	1.14	2.48	0.47	3.85	0.4	-59.59	8	7	1	0.9996
06:47:10 PM	0	0	74.2	30	86	3.98	1.34	2.87	0.55	4.36	0.47	-58.75	8	7	1	0.9996
06:47:10 PM	0	0	74.2	30	86	3.98	1.34	2.87	0.55	4.36	0.47	-58.75	8	7	1	0.9996
06:47:11 PM	0	0	74.3	30	86	3.83	1.29	2.79	0.54	4.25	0.46	-61.27	7	6	1	0.839314
06:47:11 PM	0	0	74.3	30	86	3.83	1.29	2.79	0.54	4.25	0.46	-61.27	7	6	1	0.839314
06:47:12 PM	0	0	74.3	30	86	3.54	1.21	2.63	0.5	4.05	0.43	-58.75	7	6	1	0.839314
06:47:12 PM	0	0	74.3	30	86	3.54	1.21	2.63	0.5	4.05	0.43	-58.75	7	6	1	0.839314
06:47:13 PM	0	0	74.3	30	86	3.4	1.18	2.56	0.48	3.95	0.41	-59.59	8	7	1	0.9996
06:47:13 PM	0	0	74.3	30	86	3.4	1.18	2.56	0.48	3.95	0.41	-59.59	8	7	1	0.9996
06:47:14 PM	0	0	74.4	30	86	4.14	1.38	2.95	0.57	4.46	0.49	-58.75	8	7	1	0.9996
06:47:14 PM	0	0	74.4	30	86	4.14	1.38	2.95	0.57	4.46	0.49	-58.75	8	7	1	0.9996
06:47:15 PM	0	0	74.4	30	86	4.3	1.42	3.03	0.59	4.57	0.5	-59.59	7	5	2	0.582857
06:47:15 PM	0	0	74.4	30	86	4.3	1.42	3.03	0.59	4.57	0.5	-59.59	7	5	2	0.582857
06:47:16 PM	0	0	74.4	30	86	3.4	1.18	2.56	0.48	3.95	0.41	-58.75	7	6	1	0.839314
06:47:16 PM	0	0	74.4	30	86	3.4	1.18	2.56	0.48	3.95	0.41	-58.75	7	6	1	0.839314
06:47:17 PM	0	0	74.3	30	86	3.4	1.18	2.56	0.48	3.95	0.41	-59.59	7	6	1	0.839314
06:47:17 PM	0	0	74.3	30	86	3.4	1.18	2.56	0.48	3.95	0.41	-59.59	7	6	1	0.839314
06:47:18 PM	0	0	74.3	30	86	3.68	1.25	2.71	0.52	4.15	0.44	-56.23	7	6	1	0.839314
06:47:18 PM	0	0	74.3	30	86	3.68	1.25	2.71	0.52	4.15	0.44	-56.23	7	6	1	0.839314
06:47:19 PM	0	0	74.3	30	86	3.83	1.29	2.79	0.54	4.25	0.46	-58.75	8	7	1	0.9996
06:47:19 PM	0	0	74.3	30	86	3.83	1.29	2.79	0.54	4.25	0.46	-58.75	8	7	1	0.9996
06:47:20 PM	0	0	74.3	30.1	86.18	4.64	1.51	3.2	0.63	4.8	0.54	-57.91	7	6	1	0.839314
06:47:20 PM	0	0	74.3	30.1	86.18	4.64	1.51	3.2	0.63	4.8	0.54	-57.91	7	6	1	0.839314
06:47:21 PM	0	0	74.3	30.1	86.18	4.47	1.47	3.12	0.61	4.68	0.52	-57.91	7	6	1	0.839314
06:47:21 PM	0	0	74.3	30.1	86.18	4.47	1.47	3.12	0.61	4.68	0.52	-57.91	7	6	1	0.839314
06:47:22 PM	0	0	74.3	30.1	86.18	4.14	1.38	2.95	0.57	4.46	0.49	-55.39	8	7	1	0.9996
06:47:22 PM	0	0	74.3	30.1	86.18	4.14	1.38	2.95	0.57	4.46	0.49	-55.39	8	7	1	0.9996
06:47:23 PM	0	0	74.1	30	86	4.3	1.42	3.03	0.59	4.57	0.5	-56.23	7	6	1	0.839314
06:47:23 PM	0	0	74.1	30	86	4.3	1.42	3.03	0.59	4.57	0.5	-56.23	7	6	1	0.839314
06:47:24 PM	0	0	74.1	30	86	4.82	1.56	3.29	0.65	4.91	0.55	-55.39	7	6	1	0.839314
06:47:24 PM	0	0	74.1	30	86	4.82	1.56	3.29	0.65	4.91	0.55	-55.39	7	6	1	0.839314
06:47:25 PM	0	0	74.1	30	86	4.3	1.42	3.03	0.59	4.57	0.5	-59.59	8	7	1	0.9996
06:47:25 PM	0	0	74.1	30	86	4.3	1.42	3.03	0.59	4.57	0.5	-59.59	8	7	1	0.9996
06:47:26 PM	0	0	74.1	30.1	86.18	4.14	1.38	2.95	0.57	4.46	0.49	-57.91	7	5	2	0.582857
06:47:26 PM	0	0	74.1	30.1	86.18	4.14	1.38	2.95	0.57	4.46	0.49	-57.91	7	5	2	0.582857
06:47:27 PM	0	0	74.1	30.1	86.18	4.3	1.42	3.03	0.59	4.57	0.5	-57.07	8	7	1	0.9996
06:47:27 PM	0	0	74.1	30.1	86.18	4.3	1.42	3.03	0.59	4.57	0.5	-57.07	8	7	1	0.9996
06:47:28 PM	0	0	74.1	30.1	86.18	4.14	1.38	2.95	0.57	4.46	0.49	-57.91	7	6	1	0.839314
06:47:28 PM	0	0	74.1	30.1	86.18	4.14	1.38	2.95	0.57	4.46	0.49	-57.91	7	6	1	0.839314
06:47:29 PM	0	0	74.1	30.1	86.18	4.14	1.38	2.95	0.57	4.46	0.49	-56.23	7	6	1	0.839314
06:47:29 PM	0	0	74.1	30.1	86.18	4.14	1.38	2.95	0.57	4.46	0.49	-56.23	7	6	1	0.839314
06:47:30 PM	0	0	74.1	30.1	86.18	4.3	1.42	3.03	0.59	4.57	0.5	-59.59	7	5	2	0.582857
06:47:30 PM	0	0	74.1	30.1	86.18	4.3	1.42	3.03	0.59	4.57	0.5	-59.59	7	5	2	0.582857
06:47:31 PM	0	0	74	30.1	86.18	4.64	1.51	3.2	0.63	4.8	0.54	-56.23	8	7	1	0.9996
06:47:31 PM	0	0	74	30.1	86.18	4.64	1.51	3.2	0.63	4.8	0.54	-56.23	8	7	1	0.9996
06:47:32 PM	0	0	74	30.1	86.18	4.3	1.42	3.03	0.59	4.57	0.5	-59.59	7	6	1	0.839314
06:47:32 PM	0	0	74	30.1	86.18	4.3	1.42	3.03	0.59	4.57	0.5	-59.59	7	6	1	0.839314
06:47:33 PM	0	0	74	30.1	86.18	4.47	1.47	3.12	0.61	4.68	0.52	-57.91	7	6	1	0.839314
06:47:33 PM	0	0	74	30.1	86.18	4.47	1.47	3.12	0.61	4.68	0.52	-57.91	7	6	1	0.839314
06:47:34 PM	0	0	74	30.1	86.18	4.47	1.47	3.12	0.61	4.68	0.52	-57.07	7	6	1	0.839314
06:47:34 PM	0	0	74	30.1	86.18	4.47	1.47	3.12	0.61	4.68	0.52	-57.07	7	6	1	0.839314
06:47:35 PM	0	0	74	30.1	86.18	4.3	1.42	3.03	0.59	4.57	0.5	-57.07	8	7	1	0.9996
06:47:35 PM	0	0	74	30.1	86.18	4.3	1.42	3.03	0.59	4.57	0.5	-57.07	8	7	1	0.9996
06:47:36 PM	0	0	73.9	30	86	4.3	1.42	3.03	0.59	4.57	0.5	-58.75	7	6	1	0.839314
06:47:36 PM	0	0	73.9	30	86	4.3	1.42	3.03	0.59	4.57	0.5	-58.75	7	6	1	0.839314
06:47:37 PM	0	0	73.9	30	86	4.3	1.42	3.03	0.59	4.57	0.5	-56.23	8	7	1	0.9996
06:47:37 PM	0	0	73.9	30	86	4.3	1.42	3.03	0.59	4.57	0.5	-56.23	8	7	1	0.9996
06:47:38 PM	0	0	73.9	30	86	4.47	1.47	3.12	0.61	4.68	0.52	-57.07	7	5	2	0.582857
06:47:38 PM	0	0	73.9	30	86	4.47	1.47	3.12	0.61	4.68	0.52	-57.07	7	5	2	0.582857
06:47:39 PM	0	0	74	30.1	86.18	4.64	1.51	3.2	0.63	4.8	0.54	-56.23	8	7	1	0.9996
06:47:39 PM	0	0	74	30.1	86.18	4.64	1.51	3.2	0.63	4.8	0.54	-56.23	8	7	1	0.9996
06:47:40 PM	0	0	74	30.1	86.18	3.98	1.34	2.87	0.55	4.36	0.47	-58.75	8	7	1	0.9996
06:47:40 PM	0	0	74	30.1	86.18	3.98	1.34	2.87	0.55	4.36	0.47	-58.75	8	7	1	0.9996
06:47:41 PM	0	0	74	30.1	86.18	4.14	1.38	2.95	0.57	4.46	0.49	-57.07	8	7	1	0.9996
06:47:41 PM	0	0	74	30.1	86.18	4.14	1.38	2.95	0.57	4.46	0.49	-57.07	8	7	1	0.9996
06:47:42 PM	0	0	73.9	30.1	86.18	4.47	1.47	3.12	0.61	4.68	0.52	-57.07	8	7	1	0.9996
06:47:42 PM	0	0	73.9	30.1	86.18	4.47	1.47	3.12	0.61	4.68	0.52	-57.07	8	7	1	0.9996
06:47:43 PM	0	0	73.9	30.1	86.18	4.47	1.47	3.12	0.61	4.68	0.52	-57.91	8	7	1	0.9996
06:47:43 PM	0	0	73.9	30.1	86.18	4.47	1.47	3.12	0.61	4.68	0.52	-57.91	8	7	1	0.9996
06:47:44 PM	0	0	73.9	30.1	86.18	3.98	1.34	2.87	0.55	4.36	0.47	-57.91	7	6	1	0.839314
06:47:44 PM	0	0	73.9	30.1	86.18	3.98	1.34	2.87	0.55	4.36	0.47	-57.91	7	6	1	0.839314
06:47:45 PM	0	0	73.8	30.1	86.18	4.64	1.51	3.2	0.63	4.8	0.54	-57.07	7	6	1	0.839314
06:47:45 PM	0	0	73.8	30.1	86.18	4.64	1.51	3.2	0.63	4.8	0.54	-57.07	7	6	1	0.839314
06:47:46 PM	0	0	73.8	30.1	86.18	4.3	1.42	3.03	0.59	4.57	0.5	-57.07	7	6	1	0.839314
06:47:46 PM	0	0	73.8	30.1	86.18	4.3	1.42	3.03	0.59	4.57	0.5	-57.07	7	6	1	0.839314
06:47:47 PM	0	0	73.8	30.1	86.18	4.47	1.47	3.12	0.61	4.68	0.52	-56.23	7	6	1	0.839314
06:47:47 PM	0	0	73.8	30.1	86.18	4.47	1.47	3.12	0.61	4.68	0.52	-56.23	7	6	1	0.839314
06:47:48 PM	0	0	73.8	30.1	86.18	4.3	1.42	3.03	0.59	4.57	0.5	-57.07	7	6	1	0.839314
06:47:48 PM	0	0	73.8	30.1	86.18	4.3	1.42	3.03	0.59	4.57	0.5	-57.07	7	6	1	0.839314
06:47:49 PM	0	0	73.8	30.1	86.18	3.98	1.34	2.87	0.55	4.36	0.47	-57.07	7	6	1	0.839314
06:47:49 PM	0	0	73.8	30.1	86.18	3.98	1.34	2.87	0.55	4.36	0.47	-57.07	7	6	1	0.839314
06:47:50 PM	0	0	73.8	30.1	86.18	4.64	1.51	3.2	0.63	4.8	0.54	-57.91	8	7	1	0.9996
06:47:50 PM	0	0	73.8	30.1	86.18	4.64	1.51	3.2	0.63	4.8	0.54	-57.91	8	7	1	0.9996
06:47:51 PM	0	0	73.8	30.1	86.18	3.68	1.25	2.71	0.52	4.15	0.44	-55.39	8	7	1	0.9996
06:47:51 PM	0	0	73.8	30.1	86.18	3.68	1.25	2.71	0.52	4.15	0.44	-55.39	8	7	1	0.9996
06:47:52 PM	0	0	73.8	30.1	86.18	4.47	1.47	3.12	0.61	4.68	0.52	-57.07	8	7	1	0.9996
06:47:52 PM	0	0	73.8	30.1	86.18	4.47	1.47	3.12	0.61	4.68	0.52	-57.07	8	7	1	0.9996
06:47:53 PM	0	0	73.8	30.1	86.18	4.64	1.51	3.2	0.63	4.8	0.54	-61.27	8	7	1	0.9996
06:47:53 PM	0	0	73.8	30.1	86.18	4.64	1.51	3.2	0.63	4.8	0.54	-61.27	8	7	1	0.9996
06:47:54 PM	0	0	73.8	30.1	86.18	3.83	1.29	2.79	0.54	4.25	0.46	-56.23	8	7	1	0.9996
06:47:54 PM	0	0	73.8	30.1	86.18	3.83	1.29	2.79	0.54	4.25	0.46	-56.23	8	7	1	0.9996
06:47:55 PM	0	0	73.8	30.1	86.18	4.47	1.47	3.12	0.61	4.68	0.52	-57.91	8	7	1	0.9996
06:47:55 PM	0	0	73.8	30.1	86.18	4.47	1.47	3.12	0.61	4.68	0.52	-57.91	8	7	1	0.9996
06:47:56 PM	0	0	73.7	30.1	86.18	4.47	1.47	3.12	0.61	4.68	0.52	-57.91	7	6	1	0.839314
06:47:56 PM	0	0	73.7	30.1	86.18	4.47	1.47	3.12	0.61	4.68	0.52	-57.91	7	6	1	0.839314
06:47:57 PM	0	0	73.7	30.1	86.18	4.47	1.47	3.12	0.61	4.68	0.52	-57.07	7	5	2	0.582857
06:47:57 PM	0	0	73.7	30.1	86.18	4.47	1.47	3.12	0.61	4.68	0.52	-57.07	7	5	2	0.582857
06:47:58 PM	0	0	73.7	30.1	86.18	4.47	1.47	3.12	0.61	4.68	0.52	-57.07	8	7	1	0.9996
06:47:58 PM	0	0	73.7	30.1	86.18	4.47	1.47	3.12	0.61	4.68	0.52	-57.07	8	7	1	0.9996
06:47:59 PM	0	0	73.8	30.2	86.36	4.47	1.47	3.12	0.61	4.68	0.52	-57.91	7	6	1	0.839314
06:47:59 PM	0	0	73.8	30.2	86.36	4.47	1.47	3.12	0.61	4.68	0.52	-57.91	7	6	1	0.839314
06:48:00 PM	0	0	73.8	30.2	86.36	4.14	1.38	2.95	0.57	4.46	0.49	-56.23	8	7	1	0.9996
06:48:00 PM	0	0	73.8	30.2	86.36	4.14	1.38	2.95	0.57	4.46	0.49	-56.23	8	7	1	0.9996
06:48:01 PM	0	0	73.8	30.2	86.36	4.64	1.51	3.2	0.63	4.8	0.54	-57.07	7	6	1	0.839314
06:48:01 PM	0	0	73.8	30.2	86.36	4.64	1.51	3.2	0.63	4.8	0.54	-57.07	7	6	1	0.839314
06:48:02 PM	0	0	73.8	30.2	86.36	4.3	1.42	3.03	0.59	4.57	0.5	-57.91	8	7	1	0.9996
06:48:02 PM	0	0	73.8	30.2	86.36	4.3	1.42	3.03	0.59	4.57	0.5	-57.91	8	7	1	0.9996
06:48:03 PM	0	0	73.8	30.2	86.36	3.98	1.34	2.87	0.55	4.36	0.47	-57.91	8	7	1	0.9996
06:48:03 PM	0	0	73.8	30.2	86.36	3.98	1.34	2.87	0.55	4.36	0.47	-57.91	8	7	1	0.9996
06:48:04 PM	0	0	73.7	30.1	86.18	4.64	1.51	3.2	0.63	4.8	0.54	-56.23	7	5	2	0.582857
06:48:04 PM	0	0	73.7	30.1	86.18	4.64	1.51	3.2	0.63	4.8	0.54	-56.23	7	5	2	0.582857
06:48:05 PM	0	0	73.7	30.1	86.18	4.47	1.47	3.12	0.61	4.68	0.52	-57.91	8	7	1	0.9996
06:48:05 PM	0	0	73.7	30.1	86.18	4.47	1.47	3.12	0.61	4.68	0.52	-57.91	8	7	1	0.9996
06:48:06 PM	0	0	73.7	30.1	86.18	3.98	1.34	2.87	0.55	4.36	0.47	-57.07	7	6	1	0.839314
06:48:06 PM	0	0	73.7	30.1	86.18	3.98	1.34	2.87	0.55	4.36	0.47	-57.07	7	6	1	0.839314
06:48:07 PM	0	0	73.7	30.1	86.18	4.14	1.38	2.95	0.57	4.46	0.49	-57.91	8	7	1	0.9996
06:48:07 PM	0	0	73.7	30.1	86.18	4.14	1.38	2.95	0.57	4.46	0.49	-57.91	8	7	1	0.9996
06:48:08 PM	0	0	73.7	30.1	86.18	3.83	1.29	2.79	0.54	4.25	0.46	-59.59	7	6	1	0.839314
06:48:08 PM	0	0	73.7	30.1	86.18	3.83	1.29	2.79	0.54	4.25	0.46	-59.59	7	6	1	0.839314
06:48:09 PM	0	0	73.7	30.1	86.18	3.4	1.18	2.56	0.48	3.95	0.41	-57.91	8	7	1	0.9996
06:48:09 PM	0	0	73.7	30.1	86.18	3.4	1.18	2.56	0.48	3.95	0.41	-57.91	8	7	1	0.9996
06:48:10 PM	0	0	73.7	30.1	86.18	3.98	1.34	2.87	0.55	4.36	0.47	-57.91	7	6	1	0.839314
06:48:10 PM	0	0	73.7	30.1	86.18	3.98	1.34	2.87	0.55	4.36	0.47	-57.91	7	6	1	0.839314
06:48:11 PM	0	0	73.7	30.1	86.18	3.98	1.34	2.87	0.55	4.36	0.47	-57.91	8	7	1	0.9996
06:48:11 PM	0	0	73.7	30.1	86.18	3.98	1.34	2.87	0.55	4.36	0.47	-57.91	8	7	1	0.9996
06:48:12 PM	0	0	73.7	30.1	86.18	4.47	1.47	3.12	0.61	4.68	0.52	-61.27	7	5	2	0.582857
06:48:12 PM	0	0	73.7	30.1	86.18	4.47	1.47	3.12	0.61	4.68	0.52	-61.27	7	5	2	0.582857
06:48:13 PM	0	0	73.7	30.1	86.18	3.68	1.25	2.71	0.52	4.15	0.44	-57.07	8	7	1	0.9996
06:48:13 PM	0	0	73.7	30.1	86.18	3.68	1.25	2.71	0.52	4.15	0.44	-57.07	8	7	1	0.9996
06:48:14 PM	0	0	73.8	30.2	86.36	4.14	1.38	2.95	0.57	4.46	0.49	-58.75	8	6	2	0.7344
06:48:14 PM	0	0	73.8	30.2	86.36	4.14	1.38	2.95	0.57	4.46	0.49	-58.75	8	6	2	0.7344
06:48:15 PM	0	0	73.8	30.2	86.36	4.14	1.38	2.95	0.57	4.46	0.49	-57.91	7	6	1	0.839314
06:48:15 PM	0	0	73.8	30.2	86.36	4.14	1.38	2.95	0.57	4.46	0.49	-57.91	7	6	1	0.839314
06:48:16 PM	0	0	73.8	30.2	86.36	4.3	1.42	3.03	0.59	4.57	0.5	-57.91	7	6	1	0.839314
06:48:16 PM	0	0	73.8	30.2	86.36	4.3	1.42	3.03	0.59	4.57	0.5	-57.91	7	6	1	0.839314
06:48:17 PM	0	0	73.8	30.2	86.36	4.14	1.38	2.95	0.57	4.46	0.49	-57.91	7	6	1	0.839314
06:48:17 PM	0	0	73.8	30.2	86.36	4.14	1.38	2.95	0.57	4.46	0.49	-57.91	7	6	1	0.839314
06:48:18 PM	0	0	73.8	30.2	86.36	2.77	1	2.2	0.4	3.47	0.35	-61.27	7	6	1	0.839314
06:48:18 PM	0	0	73.8	30.2	86.36	2.77	1	2.2	0.4	3.47	0.35	-61.27	7	6	1	0.839314
06:48:19 PM	0	0	73.8	30.2	86.36	2.65	0.96	2.13	0.39	3.38	0.33	-62.95	7	6	1	0.839314
06:48:19 PM	0	0	73.8	30.2	86.36	2.65	0.96	2.13	0.39	3.38	0.33	-62.95	7	6	1	0.839314
06:48:20 PM	0	0	73.8	30.2	86.36	2.65	0.96	2.13	0.39	3.38	0.33	-62.95	8	7	1	0.9996
06:48:20 PM	0	0	73.8	30.2	86.36	2.65	0.96	2.13	0.39	3.38	0.33	-62.95	8	7	1	0.9996
06:48:21 PM	0	0	73.8	30.2	86.36	2.65	0.96	2.13	0.39	3.38	0.33	-62.11	7	6	1	0.839314
06:48:21 PM	0	0	73.8	30.2	86.36	2.65	0.96	2.13	0.39	3.38	0.33	-62.11	7	6	1	0.839314
06:48:22 PM	0	0	73.8	30.2	86.36	2.77	1	2.2	0.4	3.47	0.35	-61.27	8	6	2	0.7344
06:48:22 PM	0	0	73.8	30.2	86.36	2.77	1	2.2	0.4	3.47	0.35	-61.27	8	6	2	0.7344
06:48:23 PM	0	0	73.8	30.2	86.36	2.77	1	2.2	0.4	3.47	0.35	-63.79	8	6	2	0.7344
06:48:23 PM	0	0	73.8	30.2	86.36	2.77	1	2.2	0.4	3.47	0.35	-63.79	8	6	2	0.7344
06:48:24 PM	0	0	73.8	30.2	86.36	2.65	0.96	2.13	0.39	3.38	0.33	-62.11	8	7	1	0.9996
06:48:24 PM	0	0	73.8	30.2	86.36	2.65	0.96	2.13	0.39	3.38	0.33	-62.11	8	7	1	0.9996
06:48:25 PM	0	0	73.7	30.2	86.36	2.65	0.96	2.13	0.39	3.38	0.33	-61.27	7	5	2	0.582857
06:48:25 PM	0	0	73.7	30.2	86.36	2.65	0.96	2.13	0.39	3.38	0.33	-61.27	7	5	2	0.582857
06:48:26 PM	0	0	73.7	30.2	86.36	2.89	1.03	2.27	0.42	3.56	0.36	-60.43	7	6	1	0.839314
06:48:26 PM	0	0	73.7	30.2	86.36	2.89	1.03	2.27	0.42	3.56	0.36	-60.43	7	6	1	0.839314
06:48:27 PM	0	0	73.7	30.2	86.36	2.89	1.03	2.27	0.42	3.56	0.36	-62.11	7	6	1	0.839314
06:48:27 PM	0	0	73.7	30.2	86.36	2.89	1.03	2.27	0.42	3.56	0.36	-62.11	7	6	1	0.839314
06:48:28 PM	0	0	73.7	30.2	86.36	2.65	0.96	2.13	0.39	3.38	0.33	-61.27	8	6	2	0.7344
06:48:28 PM	0	0	73.7	30.2	86.36	2.65	0.96	2.13	0.39	3.38	0.33	-61.27	8	6	2	0.7344
06:48:29 PM	0	0	73.6	30.2	86.36	2.54	0.93	2.07	0.37	3.29	0.32	-61.27	8	6	2	0.7344
06:48:29 PM	0	0	73.6	30.2	86.36	2.54	0.93	2.07	0.37	3.29	0.32	-61.27	8	6	2	0.7344
06:48:30 PM	0	0	73.6	30.2	86.36	2.89	1.03	2.27	0.42	3.56	0.36	-62.95	7	5	2	0.582857
06:48:30 PM	0	0	73.6	30.2	86.36	2.89	1.03	2.27	0.42	3.56	0.36	-62.95	7	5	2	0.582857
06:48:31 PM	0	0	73.6	30.2	86.36	2.65	0.96	2.13	0.39	3.38	0.33	-61.27	7	5	2	0.582857
06:48:31 PM	0	0	73.6	30.2	86.36	2.65	0.96	2.13	0.39	3.38	0.33	-61.27	7	5	2	0.582857
06:48:32 PM	0	0	73.5	30.2	86.36	3.01	1.07	2.34	0.43	3.65	0.37	-61.27	8	7	1	0.9996
06:48:32 PM	0	0	73.5	30.2	86.36	3.01	1.07	2.34	0.43	3.65	0.37	-61.27	8	7	1	0.9996
06:48:33 PM	0	0	73.5	30.2	86.36	3.01	1.07	2.34	0.43	3.65	0.37	-61.27	8	7	1	0.9996
06:48:33 PM	0	0	73.5	30.2	86.36	3.01	1.07	2.34	0.43	3.65	0.37	-61.27	8	7	1	0.9996
06:48:34 PM	0	0	73.5	30.2	86.36	2.89	1.03	2.27	0.42	3.56	0.36	-60.43	8	7	1	0.9996
06:48:34 PM	0	0	73.5	30.2	86.36	2.89	1.03	2.27	0.42	3.56	0.36	-60.43	8	7	1	0.9996
06:48:35 PM	0	0	73.4	30.2	86.36	2.89	1.03	2.27	0.42	3.56	0.36	-62.11	8	6	2	0.7344
06:48:35 PM	0	0	73.4	30.2	86.36	2.89	1.03	2.27	0.42	3.56	0.36	-62.11	8	6	2	0.7344
06:48:36 PM	0	0	73.4	30.2	86.36	3.14	1.1	2.41	0.45	3.75	0.38	-60.43	12	7	5	0.6664
06:48:36 PM	0	0	73.4	30.2	86.36	3.14	1.1	2.41	0.45	3.75	0.38	-60.43	12	7	5	0.6664
06:48:37 PM	0	0	73.4	30.2	86.36	2.77	1	2.2	0.4	3.47	0.35	-62.95	8	6	2	0.7344
06:48:37 PM	0	0	73.4	30.2	86.36	2.77	1	2.2	0.4	3.47	0.35	-62.95	8	6	2	0.7344
06:48:38 PM	0	0	73.4	30.2	86.36	2.89	1.03	2.27	0.42	3.56	0.36	-60.43	8	6	2	0.7344
06:48:38 PM	0	0	73.4	30.2	86.36	2.89	1.03	2.27	0.42	3.56	0.36	-60.43	8	6	2	0.7344
06:48:39 PM	0	0	73.4	30.2	86.36	2.77	1	2.2	0.4	3.47	0.35	-62.11	8	7	1	0.9996
06:48:39 PM	0	0	73.4	30.2	86.36	2.77	1	2.2	0.4	3.47	0.35	-62.11	8	7	1	0.9996
06:48:40 PM	0	0	73.4	30.2	86.36	2.89	1.03	2.27	0.42	3.56	0.36	-61.27	8	6	2	0.7344
06:48:40 PM	0	0	73.4	30.2	86.36	2.89	1.03	2.27	0.42	3.56	0.36	-61.27	8	6	2	0.7344
06:48:41 PM	0	0	73.4	30.2	86.36	2.54	0.93	2.07	0.37	3.29	0.32	-60.43	8	6	2	0.7344
06:48:41 PM	0	0	73.4	30.2	86.36	2.54	0.93	2.07	0.37	3.29	0.32	-60.43	8	6	2	0.7344
06:48:42 PM	0	0	73.4	30.2	86.36	3.01	1.07	2.34	0.43	3.65	0.37	-62.95	8	6	2	0.7344
06:48:42 PM	0	0	73.4	30.2	86.36	3.01	1.07	2.34	0.43	3.65	0.37	-62.95	8	6	2	0.7344
06:48:43 PM	0	0	73.4	30.2	86.36	3.01	1.07	2.34	0.43	3.65	0.37	-62.95	8	7	1	0.9996
06:48:43 PM	0	0	73.4	30.2	86.36	3.01	1.07	2.34	0.43	3.65	0.37	-62.95	8	7	1	0.9996
06:48:44 PM	0	0	73.3	30.2	86.36	3.01	1.07	2.34	0.43	3.65	0.37	-60.43	8	6	2	0.7344
06:48:44 PM	0	0	73.3	30.2	86.36	3.01	1.07	2.34	0.43	3.65	0.37	-60.43	8	6	2	0.7344
06:48:45 PM	0	0	73.3	30.2	86.36	2.77	1	2.2	0.4	3.47	0.35	-60.43	8	6	2	0.7344
06:48:45 PM	0	0	73.3	30.2	86.36	2.77	1	2.2	0.4	3.47	0.35	-60.43	8	6	2	0.7344
06:48:46 PM	0	0	73.3	30.2	86.36	2.89	1.03	2.27	0.42	3.56	0.36	-61.27	8	7	1	0.9996
06:48:46 PM	0	0	73.3	30.2	86.36	2.89	1.03	2.27	0.42	3.56	0.36	-61.27	8	7	1	0.9996
06:48:47 PM	0	0	73.2	30.2	86.36	2.89	1.03	2.27	0.42	3.56	0.36	-61.27	8	7	1	0.9996
06:48:47 PM	0	0	73.2	30.2	86.36	2.89	1.03	2.27	0.42	3.56	0.36	-61.27	8	7	1	0.9996
06:48:48 PM	0	0	73.2	30.2	86.36	2.65	0.96	2.13	0.39	3.38	0.33	-62.11	8	6	2	0.7344
06:48:48 PM	0	0	73.2	30.2	86.36	2.65	0.96	2.13	0.39	3.38	0.33	-62.11	8	6	2	0.7344
06:48:49 PM	0	0	73.2	30.2	86.36	2.77	1	2.2	0.4	3.47	0.35	-61.27	8	6	2	0.7344
06:48:49 PM	0	0	73.2	30.2	86.36	2.77	1	2.2	0.4	3.47	0.35	-61.27	8	6	2	0.7344
06:48:50 PM	0	0	73.2	30.2	86.36	3.14	1.1	2.41	0.45	3.75	0.38	-61.27	7	6	1	0.839314
06:48:50 PM	0	0	73.2	30.2	86.36	3.14	1.1	2.41	0.45	3.75	0.38	-61.27	7	6	1	0.839314
06:48:51 PM	0	0	73.2	30.2	86.36	3.14	1.1	2.41	0.45	3.75	0.38	-60.43	8	6	2	0.7344
06:48:51 PM	0	0	73.2	30.2	86.36	3.14	1.1	2.41	0.45	3.75	0.38	-60.43	8	6	2	0.7344
06:48:52 PM	0	0	73.2	30.2	86.36	2.65	0.96	2.13	0.39	3.38	0.33	-62.95	8	7	1	0.9996
06:48:52 PM	0	0	73.2	30.2	86.36	2.65	0.96	2.13	0.39	3.38	0.33	-62.95	8	7	1	0.9996
06:48:53 PM	0	0	73.2	30.3	86.54	3.27	1.14	2.48	0.47	3.85	0.4	-61.27	8	7	1	0.9996
06:48:53 PM	0	0	73.2	30.3	86.54	3.27	1.14	2.48	0.47	3.85	0.4	-61.27	8	7	1	0.9996
06:48:54 PM	0	0	73.2	30.3	86.54	3.01	1.07	2.34	0.43	3.65	0.37	-61.27	8	6	2	0.7344
06:48:54 PM	0	0	73.2	30.3	86.54	3.01	1.07	2.34	0.43	3.65	0.37	-61.27	8	6	2	0.7344
06:48:55 PM	0	0	73.2	30.3	86.54	3.01	1.07	2.34	0.43	3.65	0.37	-62.95	8	6	2	0.7344
06:48:55 PM	0	0	73.2	30.3	86.54	3.01	1.07	2.34	0.43	3.65	0.37	-62.95	8	6	2	0.7344
06:48:56 PM	0	0	73.1	30.3	86.54	2.89	1.03	2.27	0.42	3.56	0.36	-62.11	8	6	2	0.7344
06:48:56 PM	0	0	73.1	30.3	86.54	2.89	1.03	2.27	0.42	3.56	0.36	-62.11	8	6	2	0.7344
06:48:57 PM	0	0	73.1	30.3	86.54	3.14	1.1	2.41	0.45	3.75	0.38	-62.11	8	7	1	0.9996
06:48:57 PM	0	0	73.1	30.3	86.54	3.14	1.1	2.41	0.45	3.75	0.38	-62.11	8	7	1	0.9996
06:48:58 PM	0	0	73.1	30.3	86.54	2.89	1.03	2.27	0.42	3.56	0.36	-62.11	7	6	1	0.839314
06:48:58 PM	0	0	73.1	30.3	86.54	2.89	1.03	2.27	0.42	3.56	0.36	-62.11	7	6	1	0.839314
06:48:59 PM	0	0	73	30.3	86.54	3.4	1.18	2.56	0.48	3.95	0.41	-60.43	7	6	1	0.839314
06:48:59 PM	0	0	73	30.3	86.54	3.4	1.18	2.56	0.48	3.95	0.41	-60.43	7	6	1	0.839314
06:49:00 PM	0	0	73	30.3	86.54	3.14	1.1	2.41	0.45	3.75	0.38	-61.27	8	7	1	0.9996
06:49:00 PM	0	0	73	30.3	86.54	3.14	1.1	2.41	0.45	3.75	0.38	-61.27	8	7	1	0.9996
06:49:01 PM	0	0	73	30.3	86.54	2.77	1	2.2	0.4	3.47	0.35	-62.11	8	7	1	0.9996
06:49:01 PM	0	0	73	30.3	86.54	2.77	1	2.2	0.4	3.47	0.35	-62.11	8	7	1	0.9996
06:49:02 PM	0	0	72.9	30.3	86.54	3.4	1.18	2.56	0.48	3.95	0.41	-62.95	8	6	2	0.7344
06:49:02 PM	0	0	72.9	30.3	86.54	3.4	1.18	2.56	0.48	3.95	0.41	-62.95	8	6	2	0.7344
06:49:03 PM	0	0	72.9	30.3	86.54	3.14	1.1	2.41	0.45	3.75	0.38	-60.43	6	5	1	0.68
06:49:03 PM	0	0	72.9	30.3	86.54	3.14	1.1	2.41	0.45	3.75	0.38	-60.43	6	5	1	0.68
06:49:04 PM	0	0	72.9	30.3	86.54	3.4	1.18	2.56	0.48	3.95	0.41	-62.11	7	5	2	0.582857
06:49:04 PM	0	0	72.9	30.3	86.54	3.4	1.18	2.56	0.48	3.95	0.41	-62.11	7	5	2	0.582857
06:49:05 PM	0	0	72.9	30.3	86.54	3.14	1.1	2.41	0.45	3.75	0.38	-62.11	8	7	1	0.9996
06:49:05 PM	0	0	72.9	30.3	86.54	3.14	1.1	2.41	0.45	3.75	0.38	-62.11	8	7	1	0.9996
06:49:06 PM	0	0	72.9	30.3	86.54	2.54	0.93	2.07	0.37	3.29	0.32	-60.43	8	6	2	0.7344
06:49:06 PM	0	0	72.9	30.3	86.54	2.54	0.93	2.07	0.37	3.29	0.32	-60.43	8	6	2	0.7344
06:49:07 PM	0	0	72.9	30.3	86.54	3.14	1.1	2.41	0.45	3.75	0.38	-61.27	8	6	2	0.7344
06:49:07 PM	0	0	72.9	30.3	86.54	3.14	1.1	2.41	0.45	3.75	0.38	-61.27	8	6	2	0.7344
06:49:08 PM	0	0	72.9	30.3	86.54	3.01	1.07	2.34	0.43	3.65	0.37	-61.27	8	6	2	0.7344
06:49:08 PM	0	0	72.9	30.3	86.54	3.01	1.07	2.34	0.43	3.65	0.37	-61.27	8	6	2	0.7344
06:49:09 PM	0	0	72.9	30.3	86.54	2.77	1	2.2	0.4	3.47	0.35	-61.27	8	7	1	0.9996
06:49:09 PM	0	0	72.9	30.3	86.54	2.77	1	2.2	0.4	3.47	0.35	-61.27	8	7	1	0.9996
06:49:10 PM	0	0	72.9	30.3	86.54	3.14	1.1	2.41	0.45	3.75	0.38	-61.27	8	6	2	0.7344
06:49:10 PM	0	0	72.9	30.3	86.54	3.14	1.1	2.41	0.45	3.75	0.38	-61.27	8	6	2	0.7344
06:49:11 PM	0	0	72.9	30.3	86.54	2.77	1	2.2	0.4	3.47	0.35	-62.95	8	7	1	0.9996
06:49:11 PM	0	0	72.9	30.3	86.54	2.77	1	2.2	0.4	3.47	0.35	-62.95	8	7	1	0.9996
06:49:12 PM	0	0	72.9	30.3	86.54	2.89	1.03	2.27	0.42	3.56	0.36	-61.27	8	7	1	0.9996
06:49:12 PM	0	0	72.9	30.3	86.54	2.89	1.03	2.27	0.42	3.56	0.36	-61.27	8	7	1	0.9996
06:49:13 PM	0	0	72.9	30.3	86.54	2.54	0.93	2.07	0.37	3.29	0.32	-62.11	8	7	1	0.9996
06:49:13 PM	0	0	72.9	30.3	86.54	2.54	0.93	2.07	0.37	3.29	0.32	-62.11	8	7	1	0.9996
06:49:14 PM	0	0	72.9	30.3	86.54	2.89	1.03	2.27	0.42	3.56	0.36	-62.95	8	7	1	0.9996
06:49:14 PM	0	0	72.9	30.3	86.54	2.89	1.03	2.27	0.42	3.56	0.36	-62.95	8	7	1	0.9996
06:49:15 PM	0	0	72.9	30.3	86.54	2.77	1	2.2	0.4	3.47	0.35	-61.27	8	6	2	0.7344
06:49:15 PM	0	0	72.9	30.3	86.54	2.77	1	2.2	0.4	3.47	0.35	-61.27	8	6	2	0.7344
06:49:16 PM	0	0	72.9	30.3	86.54	2.77	1	2.2	0.4	3.47	0.35	-60.43	8	7	1	0.9996
06:49:16 PM	0	0	72.9	30.3	86.54	2.77	1	2.2	0.4	3.47	0.35	-60.43	8	7	1	0.9996
06:49:17 PM	0	0	72.9	30.3	86.54	2.89	1.03	2.27	0.42	3.56	0.36	-62.11	7	6	1	0.839314
06:49:17 PM	0	0	72.9	30.3	86.54	2.89	1.03	2.27	0.42	3.56	0.36	-62.11	7	6	1	0.839314
06:49:18 PM	0	0	72.9	30.3	86.54	2.89	1.03	2.27	0.42	3.56	0.36	-58.75	8	6	2	0.7344
06:49:18 PM	0	0	72.9	30.3	86.54	2.89	1.03	2.27	0.42	3.56	0.36	-58.75	8	6	2	0.7344
06:49:19 PM	0	0	72.9	30.3	86.54	2.33	0.87	1.94	0.35	3.11	0.3	-62.11	8	6	2	0.7344
06:49:19 PM	0	0	72.9	30.3	86.54	2.33	0.87	1.94	0.35	3.11	0.3	-62.11	8	6	2	0.7344
06:49:20 PM	0	0	73	30.3	86.54	3.14	1.1	2.41	0.45	3.75	0.38	-62.95	8	7	1	0.9996
06:49:20 PM	0	0	73	30.3	86.54	3.14	1.1	2.41	0.45	3.75	0.38	-62.95	8	7	1	0.9996
06:49:21 PM	0	0	73	30.3	86.54	3.01	1.07	2.34	0.43	3.65	0.37	-61.27	8	7	1	0.9996
06:49:21 PM	0	0	73	30.3	86.54	3.01	1.07	2.34	0.43	3.65	0.37	-61.27	8	7	1	0.9996
06:49:22 PM	0	0	73	30.3	86.54	2.89	1.03	2.27	0.42	3.56	0.36	-61.27	8	7	1	0.9996
06:49:22 PM	0	0	73	30.3	86.54	2.89	1.03	2.27	0.42	3.56	0.36	-61.27	8	7	1	0.9996
06:49:23 PM	0	0	73.2	30.3	86.54	3.01	1.07	2.34	0.43	3.65	0.37	-60.43	8	6	2	0.7344
06:49:23 PM	0	0	73.2	30.3	86.54	3.01	1.07	2.34	0.43	3.65	0.37	-60.43	8	6	2	0.7344
06:49:24 PM	0	0	73.2	30.3	86.54	3.14	1.1	2.41	0.45	3.75	0.38	-60.43	8	6	2	0.7344
06:49:24 PM	0	0	73.2	30.3	86.54	3.14	1.1	2.41	0.45	3.75	0.38	-60.43	8	6	2	0.7344
06:49:25 PM	0	0	73.6	30.3	86.54	3.01	1.07	2.34	0.43	3.65	0.37	-61.27	8	6	2	0.7344
06:49:25 PM	0	0	73.6	30.3	86.54	3.01	1.07	2.34	0.43	3.65	0.37	-61.27	8	6	2	0.7344
06:49:26 PM	0	0	73.6	30.3	86.54	2.33	0.87	1.94	0.35	3.11	0.3	-62.11	8	6	2	0.7344
06:49:26 PM	0	0	73.6	30.3	86.54	2.33	0.87	1.94	0.35	3.11	0.3	-62.11	8	6	2	0.7344
06:49:27 PM	0	0	73.6	30.3	86.54	2.65	0.96	2.13	0.39	3.38	0.33	-63.79	8	6	2	0.7344
06:49:27 PM	0	0	73.6	30.3	86.54	2.65	0.96	2.13	0.39	3.38	0.33	-63.79	8	6	2	0.7344
06:49:28 PM	0	0	73.9	30.4	86.72	3.14	1.1	2.41	0.45	3.75	0.38	-60.43	8	6	2	0.7344
06:49:28 PM	0	0	73.9	30.4	86.72	3.14	1.1	2.41	0.45	3.75	0.38	-60.43	8	6	2	0.7344
06:49:29 PM	0	0	73.9	30.4	86.72	3.01	1.07	2.34	0.43	3.65	0.37	-61.27	8	7	1	0.9996
06:49:29 PM	0	0	73.9	30.4	86.72	3.01	1.07	2.34	0.43	3.65	0.37	-61.27	8	7	1	0.9996
06:49:30 PM	0	0	74	30.4	86.72	3.27	1.14	2.48	0.47	3.85	0.4	-61.27	7	6	1	0.839314
06:49:30 PM	0	0	74	30.4	86.72	3.27	1.14	2.48	0.47	3.85	0.4	-61.27	7	6	1	0.839314
06:49:31 PM	0	0	74	30.4	86.72	2.65	0.96	2.13	0.39	3.38	0.33	-61.27	6	5	1	0.68
06:49:31 PM	0	0	74	30.4	86.72	2.65	0.96	2.13	0.39	3.38	0.33	-61.27	6	5	1	0.68
06:49:32 PM	0	0	73.9	30.3	86.54	2.77	1	2.2	0.4	3.47	0.35	-60.43	7	5	2	0.582857
06:49:32 PM	0	0	73.9	30.3	86.54	2.77	1	2.2	0.4	3.47	0.35	-60.43	7	5	2	0.582857
06:49:33 PM	0	0	73.9	30.3	86.54	2.89	1.03	2.27	0.42	3.56	0.36	-59.59	6	5	1	0.68
06:49:33 PM	0	0	73.9	30.3	86.54	2.89	1.03	2.27	0.42	3.56	0.36	-59.59	6	5	1	0.68
06:49:34 PM	0	0	73.9	30.3	86.54	2.89	1.03	2.27	0.42	3.56	0.36	-60.43	8	7	1	0.9996
06:49:34 PM	0	0	73.9	30.3	86.54	2.89	1.03	2.27	0.42	3.56	0.36	-60.43	8	7	1	0.9996
06:49:35 PM	0	0	73.9	30.4	86.72	2.89	1.03	2.27	0.42	3.56	0.36	-62.11	8	7	1	0.9996
06:49:35 PM	0	0	73.9	30.4	86.72	3.01	1.07	2.34	0.43	3.65	0.37	-60.43	7	6	1	0.839314
06:49:35 PM	0	0	73.9	30.4	86.72	2.89	1.03	2.27	0.42	3.56	0.36	-62.11	8	7	1	0.9996
06:49:35 PM	0	0	73.9	30.4	86.72	3.01	1.07	2.34	0.43	3.65	0.37	-60.43	7	6	1	0.839314
06:49:36 PM	0	0	73.9	30.4	86.72	2.54	0.93	2.07	0.37	3.29	0.32	-60.43	8	6	2	0.7344
06:49:36 PM	0	0	73.9	30.4	86.72	2.54	0.93	2.07	0.37	3.29	0.32	-60.43	8	6	2	0.7344
06:49:37 PM	0	0	73.6	30.3	86.54	3.01	1.07	2.34	0.43	3.65	0.37	-62.11	8	7	1	0.9996
06:49:37 PM	0	0	73.6	30.3	86.54	3.01	1.07	2.34	0.43	3.65	0.37	-62.11	8	7	1	0.9996
06:49:38 PM	0	0	73.6	30.3	86.54	2.65	0.96	2.13	0.39	3.38	0.33	-60.43	7	6	1	0.839314
06:49:38 PM	0	0	73.6	30.3	86.54	2.65	0.96	2.13	0.39	3.38	0.33	-60.43	7	6	1	0.839314
06:49:39 PM	0	0	73.6	30.3	86.54	3.01	1.07	2.34	0.43	3.65	0.37	-59.59	8	7	1	0.9996
06:49:39 PM	0	0	73.6	30.3	86.54	3.01	1.07	2.34	0.43	3.65	0.37	-59.59	8	7	1	0.9996
06:49:40 PM	0	0	73.4	30.3	86.54	2.77	1	2.2	0.4	3.47	0.35	-60.43	8	7	1	0.9996
06:49:40 PM	0	0	73.4	30.3	86.54	2.77	1	2.2	0.4	3.47	0.35	-60.43	8	7	1	0.9996
06:49:41 PM	0	0	73.4	30.3	86.54	2.89	1.03	2.27	0.42	3.56	0.36	-61.27	7	6	1	0.839314
06:49:41 PM	0	0	73.4	30.3	86.54	2.89	1.03	2.27	0.42	3.56	0.36	-61.27	7	6	1	0.839314
06:49:42 PM	0	0	73.4	30.4	86.72	2.65	0.96	2.13	0.39	3.38	0.33	-60.43	8	7	1	0.9996
06:49:42 PM	0	0	73.4	30.4	86.72	2.65	0.96	2.13	0.39	3.38	0.33	-60.43	8	7	1	0.9996
06:49:43 PM	0	0	73.4	30.4	86.72	2.89	1.03	2.27	0.42	3.56	0.36	-60.43	7	6	1	0.839314
06:49:43 PM	0	0	73.4	30.4	86.72	2.89	1.03	2.27	0.42	3.56	0.36	-60.43	7	6	1	0.839314
06:49:44 PM	0	0	73.4	30.4	86.72	2.77	1	2.2	0.4	3.47	0.35	-60.43	7	6	1	0.839314
06:49:44 PM	0	0	73.4	30.4	86.72	2.77	1	2.2	0.4	3.47	0.35	-60.43	7	6	1	0.839314
06:49:45 PM	0	0	73.4	30.4	86.72	2.89	1.03	2.27	0.42	3.56	0.36	-61.27	8	7	1	0.9996
06:49:45 PM	0	0	73.4	30.4	86.72	2.89	1.03	2.27	0.42	3.56	0.36	-61.27	8	7	1	0.9996
06:49:46 PM	0	0	73.4	30.4	86.72	2.65	0.96	2.13	0.39	3.38	0.33	-61.27	7	5	2	0.582857
06:49:46 PM	0	0	73.4	30.4	86.72	2.65	0.96	2.13	0.39	3.38	0.33	-61.27	7	5	2	0.582857
06:49:47 PM	0	0	73.4	30.4	86.72	2.89	1.03	2.27	0.42	3.56	0.36	-61.27	8	7	1	0.9996
06:49:47 PM	0	0	73.4	30.4	86.72	2.89	1.03	2.27	0.42	3.56	0.36	-61.27	8	7	1	0.9996
06:49:48 PM	0	0	73.4	30.4	86.72	3.14	1.1	2.41	0.45	3.75	0.38	-60.43	8	7	1	0.9996
06:49:48 PM	0	0	73.4	30.4	86.72	3.14	1.1	2.41	0.45	3.75	0.38	-60.43	8	7	1	0.9996
06:49:49 PM	0	0	73.4	30.4	86.72	2.77	1	2.2	0.4	3.47	0.35	-60.43	7	6	1	0.839314
06:49:49 PM	0	0	73.4	30.4	86.72	2.77	1	2.2	0.4	3.47	0.35	-60.43	7	6	1	0.839314
06:49:50 PM	0	0	73.4	30.4	86.72	2.89	1.03	2.27	0.42	3.56	0.36	-60.43	8	7	1	0.9996
06:49:50 PM	0	0	73.4	30.4	86.72	2.89	1.03	2.27	0.42	3.56	0.36	-60.43	8	7	1	0.9996
06:49:51 PM	0	0	73.4	30.4	86.72	3.01	1.07	2.34	0.43	3.65	0.37	-61.27	7	6	1	0.839314
06:49:51 PM	0	0	73.4	30.4	86.72	3.01	1.07	2.34	0.43	3.65	0.37	-61.27	7	6	1	0.839314
06:49:52 PM	0	0	73.4	30.4	86.72	2.89	1.03	2.27	0.42	3.56	0.36	-61.27	7	5	2	0.582857
06:49:52 PM	0	0	73.4	30.4	86.72	2.89	1.03	2.27	0.42	3.56	0.36	-61.27	7	5	2	0.582857
06:49:53 PM	0	0	73.4	30.4	86.72	3.01	1.07	2.34	0.43	3.65	0.37	-61.27	8	7	1	0.9996
06:49:53 PM	0	0	73.4	30.4	86.72	3.01	1.07	2.34	0.43	3.65	0.37	-61.27	8	7	1	0.9996
06:49:54 PM	0	0	73.4	30.5	86.9	2.65	0.96	2.13	0.39	3.38	0.33	-60.43	7	6	1	0.839314
06:49:54 PM	0	0	73.4	30.5	86.9	2.65	0.96	2.13	0.39	3.38	0.33	-60.43	7	6	1	0.839314
06:49:55 PM	0	0	73.4	30.5	86.9	2.89	1.03	2.27	0.42	3.56	0.36	-61.27	7	6	1	0.839314
06:49:55 PM	0	0	73.4	30.5	86.9	2.89	1.03	2.27	0.42	3.56	0.36	-61.27	7	6	1	0.839314
06:49:56 PM	0	0	73.4	30.5	86.9	2.65	0.96	2.13	0.39	3.38	0.33	-62.11	7	6	1	0.839314
06:49:56 PM	0	0	73.4	30.5	86.9	2.65	0.96	2.13	0.39	3.38	0.33	-62.11	7	6	1	0.839314
06:49:57 PM	0	0	73.4	30.5	86.9	2.77	1	2.2	0.4	3.47	0.35	-61.27	7	6	1	0.839314
06:49:57 PM	0	0	73.4	30.5	86.9	2.77	1	2.2	0.4	3.47	0.35	-61.27	7	6	1	0.839314
06:49:58 PM	0	0	73.4	30.5	86.9	2.89	1.03	2.27	0.42	3.56	0.36	-62.11	7	6	1	0.839314
06:49:58 PM	0	0	73.4	30.5	86.9	2.89	1.03	2.27	0.42	3.56	0.36	-62.11	7	6	1	0.839314
06:49:59 PM	0	0	73.4	30.5	86.9	2.89	1.03	2.27	0.42	3.56	0.36	-61.27	8	6	2	0.7344
06:49:59 PM	0	0	73.4	30.5	86.9	2.89	1.03	2.27	0.42	3.56	0.36	-61.27	8	6	2	0.7344
06:50:00 PM	0	0	73.4	30.5	86.9	2.89	1.03	2.27	0.42	3.56	0.36	-61.27	7	5	2	0.582857
06:50:00 PM	0	0	73.4	30.5	86.9	2.89	1.03	2.27	0.42	3.56	0.36	-61.27	7	5	2	0.582857
06:50:01 PM	0	0	73.3	30.5	86.9	2.77	1	2.2	0.4	3.47	0.35	-61.27	7	6	1	0.839314
06:50:01 PM	0	0	73.3	30.5	86.9	2.77	1	2.2	0.4	3.47	0.35	-61.27	7	6	1	0.839314
06:50:02 PM	0	0	73.3	30.5	86.9	2.89	1.03	2.27	0.42	3.56	0.36	-60.43	8	7	1	0.9996
06:50:02 PM	0	0	73.3	30.5	86.9	2.89	1.03	2.27	0.42	3.56	0.36	-60.43	8	7	1	0.9996
06:50:03 PM	0	0	73.3	30.5	86.9	3.01	1.07	2.34	0.43	3.65	0.37	-62.11	8	7	1	0.9996
06:50:03 PM	0	0	73.3	30.5	86.9	3.01	1.07	2.34	0.43	3.65	0.37	-62.11	8	7	1	0.9996
06:50:04 PM	0	0	73.1	30.4	86.72	2.89	1.03	2.27	0.42	3.56	0.36	-61.27	7	6	1	0.839314
06:50:04 PM	0	0	73.1	30.4	86.72	2.89	1.03	2.27	0.42	3.56	0.36	-61.27	7	6	1	0.839314
06:50:05 PM	0	0	73.1	30.4	86.72	2.65	0.96	2.13	0.39	3.38	0.33	-60.43	8	7	1	0.9996
06:50:05 PM	0	0	73.1	30.4	86.72	2.65	0.96	2.13	0.39	3.38	0.33	-60.43	8	7	1	0.9996
06:50:06 PM	0	0	73.1	30.4	86.72	2.89	1.03	2.27	0.42	3.56	0.36	-60.43	7	6	1	0.839314
06:50:06 PM	0	0	73.1	30.4	86.72	2.89	1.03	2.27	0.42	3.56	0.36	-60.43	7	6	1	0.839314
06:50:07 PM	0	0	72.9	30.5	86.9	3.01	1.07	2.34	0.43	3.65	0.37	-61.27	7	6	1	0.839314
06:50:07 PM	0	0	72.9	30.5	86.9	3.01	1.07	2.34	0.43	3.65	0.37	-61.27	7	6	1	0.839314
06:50:08 PM	0	0	72.9	30.5	86.9	3.27	1.14	2.48	0.47	3.85	0.4	-62.95	7	6	1	0.839314
06:50:08 PM	0	0	72.9	30.5	86.9	3.27	1.14	2.48	0.47	3.85	0.4	-62.95	7	6	1	0.839314
06:50:09 PM	0	0	72.9	30.5	86.9	3.27	1.14	2.48	0.47	3.85	0.4	-61.27	6	5	1	0.68
06:50:09 PM	0	0	72.9	30.5	86.9	3.27	1.14	2.48	0.47	3.85	0.4	-61.27	6	5	1	0.68
06:50:10 PM	0	0	72.6	30.5	86.9	3.14	1.1	2.41	0.45	3.75	0.38	-60.43	7	6	1	0.839314
06:50:10 PM	0	0	72.6	30.5	86.9	3.14	1.1	2.41	0.45	3.75	0.38	-60.43	7	6	1	0.839314
06:50:11 PM	0	0	72.6	30.5	86.9	2.89	1.03	2.27	0.42	3.56	0.36	-62.11	7	6	1	0.839314
06:50:11 PM	0	0	72.6	30.5	86.9	2.89	1.03	2.27	0.42	3.56	0.36	-62.11	7	6	1	0.839314
06:50:12 PM	0	0	72.6	30.5	86.9	2.89	1.03	2.27	0.42	3.56	0.36	-62.95	7	6	1	0.839314
06:50:12 PM	0	0	72.6	30.5	86.9	2.89	1.03	2.27	0.42	3.56	0.36	-62.95	7	6	1	0.839314
06:50:13 PM	0	0	72.4	30.5	86.9	2.65	0.96	2.13	0.39	3.38	0.33	-61.27	7	6	1	0.839314
06:50:13 PM	0	0	72.4	30.5	86.9	2.65	0.96	2.13	0.39	3.38	0.33	-61.27	7	6	1	0.839314
06:50:14 PM	0	0	72.4	30.5	86.9	3.01	1.07	2.34	0.43	3.65	0.37	-60.43	7	6	1	0.839314
06:50:14 PM	0	0	72.4	30.5	86.9	3.01	1.07	2.34	0.43	3.65	0.37	-60.43	7	6	1	0.839314
06:50:15 PM	0	0	72.4	30.5	86.9	3.01	1.07	2.34	0.43	3.65	0.37	-61.27	7	6	1	0.839314
06:50:15 PM	0	0	72.4	30.5	86.9	3.01	1.07	2.34	0.43	3.65	0.37	-61.27	7	6	1	0.839314
06:50:16 PM	0	0	72.3	30.5	86.9	3.01	1.07	2.34	0.43	3.65	0.37	-60.43	7	6	1	0.839314
06:50:16 PM	0	0	72.3	30.5	86.9	3.01	1.07	2.34	0.43	3.65	0.37	-60.43	7	6	1	0.839314
06:50:17 PM	0	0	72.3	30.5	86.9	3.01	1.07	2.34	0.43	3.65	0.37	-61.27	7	6	1	0.839314
06:50:17 PM	0	0	72.3	30.5	86.9	3.01	1.07	2.34	0.43	3.65	0.37	-61.27	7	6	1	0.839314
06:50:18 PM	0	0	72.3	30.5	86.9	2.89	1.03	2.27	0.42	3.56	0.36	-59.59	7	6	1	0.839314
06:50:18 PM	0	0	72.3	30.5	86.9	2.89	1.03	2.27	0.42	3.56	0.36	-59.59	7	6	1	0.839314
06:50:19 PM	0	0	72.2	30.5	86.9	3.14	1.1	2.41	0.45	3.75	0.38	-61.27	7	6	1	0.839314
06:50:19 PM	0	0	72.2	30.5	86.9	3.14	1.1	2.41	0.45	3.75	0.38	-61.27	7	6	1	0.839314
06:50:20 PM	0	0	72.2	30.5	86.9	2.77	1	2.2	0.4	3.47	0.35	-60.43	7	6	1	0.839314
06:50:20 PM	0	0	72.2	30.5	86.9	2.77	1	2.2	0.4	3.47	0.35	-60.43	7	6	1	0.839314
06:50:21 PM	0	0	72.2	30.5	86.9	2.77	1	2.2	0.4	3.47	0.35	-62.11	8	7	1	0.9996
06:50:21 PM	0	0	72.2	30.5	86.9	2.77	1	2.2	0.4	3.47	0.35	-62.11	8	7	1	0.9996
06:50:22 PM	0	0	72.1	30.5	86.9	2.89	1.03	2.27	0.42	3.56	0.36	-62.11	7	6	1	0.839314
06:50:22 PM	0	0	72.1	30.5	86.9	2.89	1.03	2.27	0.42	3.56	0.36	-62.11	7	6	1	0.839314
06:50:23 PM	0	0	72.1	30.5	86.9	2.43	0.9	2	0.36	3.2	0.31	-62.11	8	7	1	0.9996
06:50:23 PM	0	0	72.1	30.5	86.9	2.43	0.9	2	0.36	3.2	0.31	-62.11	8	7	1	0.9996
06:50:24 PM	0	0	72.1	30.5	86.9	2.89	1.03	2.27	0.42	3.56	0.36	-60.43	8	6	2	0.7344
06:50:24 PM	0	0	72.1	30.5	86.9	2.89	1.03	2.27	0.42	3.56	0.36	-60.43	8	6	2	0.7344
06:50:25 PM	0	0	72	30.5	86.9	2.89	1.03	2.27	0.42	3.56	0.36	-62.11	8	6	2	0.7344
06:50:25 PM	0	0	72	30.5	86.9	2.89	1.03	2.27	0.42	3.56	0.36	-62.11	8	6	2	0.7344
06:50:26 PM	0	0	72	30.5	86.9	3.01	1.07	2.34	0.43	3.65	0.37	-62.11	8	6	2	0.7344
06:50:26 PM	0	0	72	30.5	86.9	3.01	1.07	2.34	0.43	3.65	0.37	-62.11	8	6	2	0.7344
06:50:27 PM	0	0	72	30.5	86.9	2.89	1.03	2.27	0.42	3.56	0.36	-60.43	8	6	2	0.7344
06:50:27 PM	0	0	72	30.5	86.9	2.89	1.03	2.27	0.42	3.56	0.36	-60.43	8	6	2	0.7344
06:50:28 PM	0	0	72	30.5	86.9	3.01	1.07	2.34	0.43	3.65	0.37	-61.27	8	7	1	0.9996
06:50:28 PM	0	0	72	30.5	86.9	3.01	1.07	2.34	0.43	3.65	0.37	-61.27	8	7	1	0.9996
06:50:29 PM	0	0	72	30.5	86.9	3.01	1.07	2.34	0.43	3.65	0.37	-60.43	8	6	2	0.7344
06:50:29 PM	0	0	72	30.5	86.9	3.01	1.07	2.34	0.43	3.65	0.37	-60.43	8	6	2	0.7344
06:50:30 PM	0	0	72	30.5	86.9	2.89	1.03	2.27	0.42	3.56	0.36	-61.27	7	6	1	0.839314
06:50:30 PM	0	0	72	30.5	86.9	2.89	1.03	2.27	0.42	3.56	0.36	-61.27	7	6	1	0.839314
06:50:31 PM	0	0	71.9	30.5	86.9	3.01	1.07	2.34	0.43	3.65	0.37	-61.27	7	5	2	0.582857
06:50:31 PM	0	0	71.9	30.5	86.9	3.01	1.07	2.34	0.43	3.65	0.37	-61.27	7	5	2	0.582857
06:50:32 PM	0	0	71.9	30.5	86.9	2.65	0.96	2.13	0.39	3.38	0.33	-61.27	7	5	2	0.582857
06:50:32 PM	0	0	71.9	30.5	86.9	2.65	0.96	2.13	0.39	3.38	0.33	-61.27	7	5	2	0.582857
06:50:33 PM	0	0	71.9	30.5	86.9	2.77	1	2.2	0.4	3.47	0.35	-62.11	8	7	1	0.9996
06:50:33 PM	0	0	71.9	30.5	86.9	2.77	1	2.2	0.4	3.47	0.35	-62.11	8	7	1	0.9996
06:50:34 PM	0	0	71.9	30.6	87.08	2.89	1.03	2.27	0.42	3.56	0.36	-60.43	8	7	1	0.9996
06:50:34 PM	0	0	71.9	30.6	87.08	2.89	1.03	2.27	0.42	3.56	0.36	-60.43	8	7	1	0.9996
06:50:35 PM	0	0	71.9	30.6	87.08	2.89	1.03	2.27	0.42	3.56	0.36	-61.27	7	5	2	0.582857
06:50:35 PM	0	0	71.9	30.6	87.08	2.89	1.03	2.27	0.42	3.56	0.36	-61.27	7	5	2	0.582857
06:50:36 PM	0	0	71.9	30.6	87.08	3.01	1.07	2.34	0.43	3.65	0.37	-58.75	8	7	1	0.9996
06:50:36 PM	0	0	71.9	30.6	87.08	3.01	1.07	2.34	0.43	3.65	0.37	-58.75	8	7	1	0.9996
06:50:37 PM	0	0	71.8	30.6	87.08	2.54	0.93	2.07	0.37	3.29	0.32	-59.59	8	7	1	0.9996
06:50:37 PM	0	0	71.8	30.6	87.08	2.54	0.93	2.07	0.37	3.29	0.32	-59.59	8	7	1	0.9996
06:50:38 PM	0	0	71.8	30.6	87.08	2.65	0.96	2.13	0.39	3.38	0.33	-60.43	8	7	1	0.9996
06:50:38 PM	0	0	71.8	30.6	87.08	2.65	0.96	2.13	0.39	3.38	0.33	-60.43	8	7	1	0.9996
06:50:39 PM	0	0	71.8	30.6	87.08	3.01	1.07	2.34	0.43	3.65	0.37	-62.11	7	6	1	0.839314
06:50:39 PM	0	0	71.8	30.6	87.08	3.01	1.07	2.34	0.43	3.65	0.37	-62.11	7	6	1	0.839314
06:50:40 PM	0	0	71.8	30.6	87.08	3.14	1.1	2.41	0.45	3.75	0.38	-61.27	7	6	1	0.839314
06:50:40 PM	0	0	71.8	30.6	87.08	3.14	1.1	2.41	0.45	3.75	0.38	-61.27	7	6	1	0.839314
06:50:41 PM	0	0	71.8	30.6	87.08	3.01	1.07	2.34	0.43	3.65	0.37	-61.27	8	7	1	0.9996
06:50:41 PM	0	0	71.8	30.6	87.08	3.01	1.07	2.34	0.43	3.65	0.37	-61.27	8	7	1	0.9996
06:50:42 PM	0	0	71.8	30.6	87.08	3.01	1.07	2.34	0.43	3.65	0.37	-60.43	8	7	1	0.9996
06:50:42 PM	0	0	71.8	30.6	87.08	3.01	1.07	2.34	0.43	3.65	0.37	-60.43	8	7	1	0.9996
06:50:43 PM	0	0	71.8	30.6	87.08	2.77	1	2.2	0.4	3.47	0.35	-62.11	8	6	2	0.7344
06:50:43 PM	0	0	71.8	30.6	87.08	2.77	1	2.2	0.4	3.47	0.35	-62.11	8	6	2	0.7344
06:50:44 PM	0	0	71.8	30.6	87.08	2.77	1	2.2	0.4	3.47	0.35	-63.79	7	6	1	0.839314
06:50:44 PM	0	0	71.8	30.6	87.08	2.77	1	2.2	0.4	3.47	0.35	-63.79	7	6	1	0.839314
06:50:45 PM	0	0	71.8	30.6	87.08	2.77	1	2.2	0.4	3.47	0.35	-60.43	8	6	2	0.7344
06:50:45 PM	0	0	71.8	30.6	87.08	2.77	1	2.2	0.4	3.47	0.35	-60.43	8	6	2	0.7344
06:50:46 PM	0	0	71.8	30.6	87.08	2.89	1.03	2.27	0.42	3.56	0.36	-61.27	8	7	1	0.9996
06:50:46 PM	0	0	71.8	30.6	87.08	2.89	1.03	2.27	0.42	3.56	0.36	-61.27	8	7	1	0.9996
06:50:47 PM	0	0	71.8	30.6	87.08	2.89	1.03	2.27	0.42	3.56	0.36	-61.27	7	6	1	0.839314
06:50:47 PM	0	0	71.8	30.6	87.08	2.89	1.03	2.27	0.42	3.56	0.36	-61.27	7	6	1	0.839314
06:50:48 PM	0	0	71.8	30.6	87.08	2.65	0.96	2.13	0.39	3.38	0.33	-59.59	8	6	2	0.7344
06:50:48 PM	0	0	71.8	30.6	87.08	2.65	0.96	2.13	0.39	3.38	0.33	-59.59	8	6	2	0.7344
06:50:49 PM	0	0	71.8	30.6	87.08	3.14	1.1	2.41	0.45	3.75	0.38	-61.27	7	6	1	0.839314
06:50:49 PM	0	0	71.8	30.6	87.08	3.14	1.1	2.41	0.45	3.75	0.38	-61.27	7	6	1	0.839314
06:50:50 PM	0	0	71.8	30.6	87.08	2.89	1.03	2.27	0.42	3.56	0.36	-62.11	7	6	1	0.839314
06:50:50 PM	0	0	71.8	30.6	87.08	2.89	1.03	2.27	0.42	3.56	0.36	-62.11	7	6	1	0.839314
06:50:51 PM	0	0	71.8	30.6	87.08	2.77	1	2.2	0.4	3.47	0.35	-61.27	8	7	1	0.9996
06:50:51 PM	0	0	71.8	30.6	87.08	2.77	1	2.2	0.4	3.47	0.35	-61.27	8	7	1	0.9996
06:50:52 PM	0	0	71.7	30.6	87.08	2.89	1.03	2.27	0.42	3.56	0.36	-61.27	7	6	1	0.839314
06:50:52 PM	0	0	71.7	30.6	87.08	2.89	1.03	2.27	0.42	3.56	0.36	-61.27	7	6	1	0.839314
06:50:53 PM	0	0	71.7	30.6	87.08	2.65	0.96	2.13	0.39	3.38	0.33	-60.43	8	7	1	0.9996
06:50:53 PM	0	0	71.7	30.6	87.08	2.65	0.96	2.13	0.39	3.38	0.33	-60.43	8	7	1	0.9996
06:50:54 PM	0	0	71.7	30.6	87.08	2.65	0.96	2.13	0.39	3.38	0.33	-59.59	8	7	1	0.9996
06:50:54 PM	0	0	71.7	30.6	87.08	2.65	0.96	2.13	0.39	3.38	0.33	-59.59	8	7	1	0.9996
06:50:55 PM	0	0	71.7	30.6	87.08	2.77	1	2.2	0.4	3.47	0.35	-60.43	7	6	1	0.839314
06:50:55 PM	0	0	71.7	30.6	87.08	2.77	1	2.2	0.4	3.47	0.35	-60.43	7	6	1	0.839314
06:50:56 PM	0	0	71.7	30.6	87.08	2.89	1.03	2.27	0.42	3.56	0.36	-61.27	8	7	1	0.9996
06:50:56 PM	0	0	71.7	30.6	87.08	2.89	1.03	2.27	0.42	3.56	0.36	-61.27	8	7	1	0.9996
06:50:57 PM	0	0	71.7	30.6	87.08	2.89	1.03	2.27	0.42	3.56	0.36	-61.27	8	7	1	0.9996
06:50:57 PM	0	0	71.7	30.6	87.08	2.89	1.03	2.27	0.42	3.56	0.36	-61.27	8	7	1	0.9996
06:50:58 PM	0	0	71.7	30.6	87.08	2.33	0.87	1.94	0.35	3.11	0.3	-65.47	8	7	1	0.9996
06:50:58 PM	0	0	71.7	30.6	87.08	2.33	0.87	1.94	0.35	3.11	0.3	-65.47	8	7	1	0.9996
06:50:59 PM	0	0	71.6	30.6	87.08	2.77	1	2.2	0.4	3.47	0.35	-62.11	8	6	2	0.7344
06:50:59 PM	0	0	71.6	30.6	87.08	2.77	1	2.2	0.4	3.47	0.35	-62.11	8	6	2	0.7344
06:51:00 PM	0	0	71.6	30.6	87.08	2.89	1.03	2.27	0.42	3.56	0.36	-59.59	8	7	1	0.9996
06:51:00 PM	0	0	71.6	30.6	87.08	2.89	1.03	2.27	0.42	3.56	0.36	-59.59	8	7	1	0.9996
06:51:01 PM	0	0	71.5	30.6	87.08	3.01	1.07	2.34	0.43	3.65	0.37	-60.43	8	7	1	0.9996
06:51:01 PM	0	0	71.5	30.6	87.08	3.01	1.07	2.34	0.43	3.65	0.37	-60.43	8	7	1	0.9996
06:51:02 PM	0	0	71.5	30.6	87.08	3.01	1.07	2.34	0.43	3.65	0.37	-61.27	8	7	1	0.9996
06:51:02 PM	0	0	71.5	30.6	87.08	3.01	1.07	2.34	0.43	3.65	0.37	-61.27	8	7	1	0.9996
06:51:03 PM	0	0	71.5	30.6	87.08	2.89	1.03	2.27	0.42	3.56	0.36	-61.27	8	6	2	0.7344
06:51:03 PM	0	0	71.5	30.6	87.08	2.89	1.03	2.27	0.42	3.56	0.36	-61.27	8	6	2	0.7344
06:51:04 PM	0	0	71.5	30.6	87.08	2.77	1	2.2	0.4	3.47	0.35	-61.27	7	5	2	0.582857
06:51:04 PM	0	0	71.5	30.6	87.08	2.77	1	2.2	0.4	3.47	0.35	-61.27	7	5	2	0.582857
06:51:05 PM	0	0	71.5	30.6	87.08	2.54	0.93	2.07	0.37	3.29	0.32	-62.95	6	5	1	0.68
06:51:05 PM	0	0	71.5	30.6	87.08	2.54	0.93	2.07	0.37	3.29	0.32	-62.95	6	5	1	0.68
06:51:06 PM	0	0	71.5	30.6	87.08	3.01	1.07	2.34	0.43	3.65	0.37	-60.43	7	5	2	0.582857
06:51:06 PM	0	0	71.5	30.6	87.08	3.01	1.07	2.34	0.43	3.65	0.37	-60.43	7	5	2	0.582857
06:51:07 PM	0	0	71.4	30.6	87.08	2.89	1.03	2.27	0.42	3.56	0.36	-60.43	8	7	1	0.9996
06:51:07 PM	0	0	71.4	30.6	87.08	2.89	1.03	2.27	0.42	3.56	0.36	-60.43	8	7	1	0.9996
06:51:08 PM	0	0	71.4	30.6	87.08	2.89	1.03	2.27	0.42	3.56	0.36	-61.27	7	6	1	0.839314
06:51:08 PM	0	0	71.4	30.6	87.08	2.89	1.03	2.27	0.42	3.56	0.36	-61.27	7	6	1	0.839314
06:51:09 PM	0	0	71.4	30.6	87.08	3.14	1.1	2.41	0.45	3.75	0.38	-62.11	7	6	1	0.839314
06:51:09 PM	0	0	71.4	30.6	87.08	3.14	1.1	2.41	0.45	3.75	0.38	-62.11	7	6	1	0.839314
06:51:10 PM	0	0	71.5	30.7	87.26	2.89	1.03	2.27	0.42	3.56	0.36	-61.27	7	6	1	0.839314
06:51:10 PM	0	0	71.5	30.7	87.26	2.89	1.03	2.27	0.42	3.56	0.36	-61.27	7	6	1	0.839314
06:51:11 PM	0	0	71.5	30.7	87.26	3.01	1.07	2.34	0.43	3.65	0.37	-61.27	7	6	1	0.839314
06:51:11 PM	0	0	71.5	30.7	87.26	3.01	1.07	2.34	0.43	3.65	0.37	-61.27	7	6	1	0.839314
06:51:12 PM	0	0	71.5	30.7	87.26	2.89	1.03	2.27	0.42	3.56	0.36	-62.11	7	6	1	0.839314
06:51:12 PM	0	0	71.5	30.7	87.26	2.89	1.03	2.27	0.42	3.56	0.36	-62.11	7	6	1	0.839314
06:51:13 PM	0	0	71.5	30.7	87.26	2.89	1.03	2.27	0.42	3.56	0.36	-61.27	7	6	1	0.839314
06:51:13 PM	0	0	71.5	30.7	87.26	2.89	1.03	2.27	0.42	3.56	0.36	-61.27	7	6	1	0.839314
06:51:14 PM	0	0	71.5	30.7	87.26	2.65	0.96	2.13	0.39	3.38	0.33	-62.11	7	6	1	0.839314
06:51:14 PM	0	0	71.5	30.7	87.26	2.65	0.96	2.13	0.39	3.38	0.33	-62.11	7	6	1	0.839314
06:51:15 PM	0	0	71.3	30.6	87.08	2.89	1.03	2.27	0.42	3.56	0.36	-60.43	7	5	2	0.582857
06:51:15 PM	0	0	71.3	30.6	87.08	2.89	1.03	2.27	0.42	3.56	0.36	-60.43	7	5	2	0.582857
06:51:16 PM	0	0	71.3	30.6	87.08	2.54	0.93	2.07	0.37	3.29	0.32	-61.27	7	6	1	0.839314
06:51:16 PM	0	0	71.3	30.6	87.08	2.54	0.93	2.07	0.37	3.29	0.32	-61.27	7	6	1	0.839314
06:51:17 PM	0	0	71.3	30.6	87.08	2.89	1.03	2.27	0.42	3.56	0.36	-62.95	7	5	2	0.582857
06:51:17 PM	0	0	71.3	30.6	87.08	2.89	1.03	2.27	0.42	3.56	0.36	-62.95	7	5	2	0.582857
06:51:18 PM	0	0	71.3	30.6	87.08	3.01	1.07	2.34	0.43	3.65	0.37	-59.59	7	6	1	0.839314
06:51:18 PM	0	0	71.3	30.6	87.08	3.01	1.07	2.34	0.43	3.65	0.37	-59.59	7	6	1	0.839314
06:51:19 PM	0	0	71.3	30.6	87.08	2.89	1.03	2.27	0.42	3.56	0.36	-60.43	7	6	1	0.839314
06:51:19 PM	0	0	71.3	30.6	87.08	2.89	1.03	2.27	0.42	3.56	0.36	-60.43	7	6	1	0.839314
06:51:20 PM	0	0	71.3	30.6	87.08	3.14	1.1	2.41	0.45	3.75	0.38	-62.95	7	6	1	0.839314
06:51:20 PM	0	0	71.3	30.6	87.08	3.14	1.1	2.41	0.45	3.75	0.38	-62.95	7	6	1	0.839314
06:51:21 PM	0	0	71.3	30.6	87.08	3.01	1.07	2.34	0.43	3.65	0.37	-61.27	7	6	1	0.839314
06:51:21 PM	0	0	71.3	30.6	87.08	3.01	1.07	2.34	0.43	3.65	0.37	-61.27	7	6	1	0.839314
06:51:22 PM	0	0	71.3	30.6	87.08	3.01	1.07	2.34	0.43	3.65	0.37	-60.43	7	6	1	0.839314
06:51:22 PM	0	0	71.3	30.6	87.08	3.01	1.07	2.34	0.43	3.65	0.37	-60.43	7	6	1	0.839314
06:51:23 PM	0	0	71.3	30.7	87.26	3.27	1.14	2.48	0.47	3.85	0.4	-61.27	7	6	1	0.839314
06:51:23 PM	0	0	71.3	30.7	87.26	3.27	1.14	2.48	0.47	3.85	0.4	-61.27	7	6	1	0.839314
06:51:24 PM	0	0	71.3	30.7	87.26	2.65	0.96	2.13	0.39	3.38	0.33	-61.27	7	6	1	0.839314
06:51:24 PM	0	0	71.3	30.7	87.26	2.65	0.96	2.13	0.39	3.38	0.33	-61.27	7	6	1	0.839314
06:51:25 PM	0	0	71.3	30.7	87.26	2.89	1.03	2.27	0.42	3.56	0.36	-61.27	8	7	1	0.9996
06:51:25 PM	0	0	71.3	30.7	87.26	2.89	1.03	2.27	0.42	3.56	0.36	-61.27	8	7	1	0.9996
06:51:26 PM	0	0	71.3	30.7	87.26	2.77	1	2.2	0.4	3.47	0.35	-62.11	8	7	1	0.9996
06:51:26 PM	0	0	71.3	30.7	87.26	2.77	1	2.2	0.4	3.47	0.35	-62.11	8	7	1	0.9996
06:51:27 PM	0	0	71.3	30.7	87.26	3.01	1.07	2.34	0.43	3.65	0.37	-60.43	7	6	1	0.839314
06:51:27 PM	0	0	71.3	30.7	87.26	3.01	1.07	2.34	0.43	3.65	0.37	-60.43	7	6	1	0.839314
06:51:28 PM	0	0	71.2	30.7	87.26	3.01	1.07	2.34	0.43	3.65	0.37	-62.11	7	5	2	0.582857
06:51:28 PM	0	0	71.2	30.7	87.26	3.01	1.07	2.34	0.43	3.65	0.37	-62.11	7	5	2	0.582857
06:51:29 PM	0	0	71.2	30.7	87.26	2.89	1.03	2.27	0.42	3.56	0.36	-62.11	8	7	1	0.9996
06:51:29 PM	0	0	71.2	30.7	87.26	2.89	1.03	2.27	0.42	3.56	0.36	-62.11	8	7	1	0.9996
06:51:30 PM	0	0	71.2	30.7	87.26	3.01	1.07	2.34	0.43	3.65	0.37	-60.43	8	7	1	0.9996
06:51:30 PM	0	0	71.2	30.7	87.26	3.01	1.07	2.34	0.43	3.65	0.37	-60.43	8	7	1	0.9996
06:51:31 PM	0	0	71.2	30.7	87.26	2.89	1.03	2.27	0.42	3.56	0.36	-62.11	7	6	1	0.839314
06:51:31 PM	0	0	71.2	30.7	87.26	2.89	1.03	2.27	0.42	3.56	0.36	-62.11	7	6	1	0.839314
06:51:32 PM	0	0	71.2	30.7	87.26	2.77	1	2.2	0.4	3.47	0.35	-62.95	7	6	1	0.839314
06:51:32 PM	0	0	71.2	30.7	87.26	2.77	1	2.2	0.4	3.47	0.35	-62.95	7	6	1	0.839314
06:51:33 PM	0	0	71.2	30.7	87.26	3.14	1.1	2.41	0.45	3.75	0.38	-61.27	8	7	1	0.9996
06:51:33 PM	0	0	71.2	30.7	87.26	3.14	1.1	2.41	0.45	3.75	0.38	-61.27	8	7	1	0.9996
06:51:34 PM	0	0	71.2	30.7	87.26	3.14	1.1	2.41	0.45	3.75	0.38	-61.27	7	5	2	0.582857
06:51:34 PM	0	0	71.2	30.7	87.26	3.14	1.1	2.41	0.45	3.75	0.38	-61.27	7	5	2	0.582857
06:51:35 PM	0	0	71.2	30.7	87.26	2.89	1.03	2.27	0.42	3.56	0.36	-61.27	7	6	1	0.839314
06:51:35 PM	0	0	71.2	30.7	87.26	2.89	1.03	2.27	0.42	3.56	0.36	-61.27	7	6	1	0.839314
06:51:36 PM	0	0	71.2	30.7	87.26	2.77	1	2.2	0.4	3.47	0.35	-60.43	8	7	1	0.9996
06:51:36 PM	0	0	71.2	30.7	87.26	2.77	1	2.2	0.4	3.47	0.35	-60.43	8	7	1	0.9996
06:51:37 PM	0	0	71.1	30.7	87.26	3.01	1.07	2.34	0.43	3.65	0.37	-62.11	8	7	1	0.9996
06:51:37 PM	0	0	71.1	30.7	87.26	3.01	1.07	2.34	0.43	3.65	0.37	-62.11	8	7	1	0.9996
06:51:38 PM	0	0	71.1	30.7	87.26	2.89	1.03	2.27	0.42	3.56	0.36	-64.63	7	6	1	0.839314
06:51:38 PM	0	0	71.1	30.7	87.26	2.89	1.03	2.27	0.42	3.56	0.36	-64.63	7	6	1	0.839314
06:51:39 PM	0	0	71.1	30.7	87.26	2.65	0.96	2.13	0.39	3.38	0.33	-60.43	7	6	1	0.839314
06:51:39 PM	0	0	71.1	30.7	87.26	2.65	0.96	2.13	0.39	3.38	0.33	-60.43	7	6	1	0.839314
06:51:40 PM	0	0	71.1	30.7	87.26	3.01	1.07	2.34	0.43	3.65	0.37	-62.11	7	6	1	0.839314
06:51:40 PM	0	0	71.1	30.7	87.26	3.01	1.07	2.34	0.43	3.65	0.37	-62.11	7	6	1	0.839314
06:51:41 PM	0	0	71.1	30.7	87.26	2.77	1	2.2	0.4	3.47	0.35	-60.43	7	6	1	0.839314
06:51:41 PM	0	0	71.1	30.7	87.26	2.77	1	2.2	0.4	3.47	0.35	-60.43	7	6	1	0.839314
06:51:42 PM	0	0	71.1	30.7	87.26	2.89	1.03	2.27	0.42	3.56	0.36	-61.27	8	7	1	0.9996
06:51:42 PM	0	0	71.1	30.7	87.26	2.89	1.03	2.27	0.42	3.56	0.36	-61.27	8	7	1	0.9996
06:51:43 PM	0	0	71.1	30.7	87.26	2.89	1.03	2.27	0.42	3.56	0.36	-62.95	7	6	1	0.839314
06:51:43 PM	0	0	71.1	30.7	87.26	2.89	1.03	2.27	0.42	3.56	0.36	-62.95	7	6	1	0.839314
06:51:44 PM	0	0	71.1	30.7	87.26	2.77	1	2.2	0.4	3.47	0.35	-61.27	8	7	1	0.9996
06:51:44 PM	0	0	71.1	30.7	87.26	2.77	1	2.2	0.4	3.47	0.35	-61.27	8	7	1	0.9996
06:51:45 PM	0	0	71.1	30.7	87.26	2.89	1.03	2.27	0.42	3.56	0.36	-62.11	8	7	1	0.9996
06:51:45 PM	0	0	71.1	30.7	87.26	2.89	1.03	2.27	0.42	3.56	0.36	-62.11	8	7	1	0.9996
06:51:46 PM	0	0	71	30.7	87.26	2.89	1.03	2.27	0.42	3.56	0.36	-60.43	7	6	1	0.839314
06:51:46 PM	0	0	71	30.7	87.26	2.89	1.03	2.27	0.42	3.56	0.36	-60.43	7	6	1	0.839314
06:51:47 PM	0	0	71	30.7	87.26	3.14	1.1	2.41	0.45	3.75	0.38	-61.27	7	6	1	0.839314
06:51:47 PM	0	0	71	30.7	87.26	3.14	1.1	2.41	0.45	3.75	0.38	-61.27	7	6	1	0.839314
06:51:48 PM	0	0	71	30.7	87.26	2.54	0.93	2.07	0.37	3.29	0.32	-59.59	7	6	1	0.839314
06:51:48 PM	0	0	71	30.7	87.26	2.54	0.93	2.07	0.37	3.29	0.32	-59.59	7	6	1	0.839314
06:51:49 PM	0	0	71	30.7	87.26	2.77	1	2.2	0.4	3.47	0.35	-61.27	8	6	2	0.7344
06:51:49 PM	0	0	71	30.7	87.26	2.77	1	2.2	0.4	3.47	0.35	-61.27	8	6	2	0.7344
06:51:50 PM	0	0	71	30.7	87.26	2.77	1	2.2	0.4	3.47	0.35	-61.27	8	6	2	0.7344
06:51:50 PM	0	0	71	30.7	87.26	2.77	1	2.2	0.4	3.47	0.35	-61.27	8	6	2	0.7344
06:51:51 PM	0	0	71	30.7	87.26	2.89	1.03	2.27	0.42	3.56	0.36	-61.27	7	6	1	0.839314
06:51:51 PM	0	0	71	30.7	87.26	2.89	1.03	2.27	0.42	3.56	0.36	-61.27	7	6	1	0.839314
06:51:52 PM	0	0	71	30.7	87.26	3.01	1.07	2.34	0.43	3.65	0.37	-61.27	7	5	2	0.582857
06:51:52 PM	0	0	71	30.7	87.26	3.01	1.07	2.34	0.43	3.65	0.37	-61.27	7	5	2	0.582857
06:51:53 PM	0	0	71	30.7	87.26	2.65	0.96	2.13	0.39	3.38	0.33	-62.11	8	7	1	0.9996
06:51:53 PM	0	0	71	30.7	87.26	2.65	0.96	2.13	0.39	3.38	0.33	-62.11	8	7	1	0.9996
06:51:54 PM	0	0	71	30.7	87.26	2.77	1	2.2	0.4	3.47	0.35	-60.43	8	7	1	0.9996
06:51:54 PM	0	0	71	30.7	87.26	2.77	1	2.2	0.4	3.47	0.35	-60.43	8	7	1	0.9996
06:51:55 PM	0	0	71	30.7	87.26	2.77	1	2.2	0.4	3.47	0.35	-61.27	8	7	1	0.9996
06:51:55 PM	0	0	71	30.7	87.26	2.77	1	2.2	0.4	3.47	0.35	-61.27	8	7	1	0.9996
06:51:56 PM	0	0	71	30.7	87.26	2.77	1	2.2	0.4	3.47	0.35	-60.43	8	6	2	0.7344
06:51:56 PM	0	0	71	30.7	87.26	2.77	1	2.2	0.4	3.47	0.35	-60.43	8	6	2	0.7344
06:51:57 PM	0	0	71	30.7	87.26	3.01	1.07	2.34	0.43	3.65	0.37	-60.43	8	7	1	0.9996
06:51:57 PM	0	0	71	30.7	87.26	3.01	1.07	2.34	0.43	3.65	0.37	-60.43	8	7	1	0.9996
06:51:58 PM	0	0	71	30.7	87.26	2.89	1.03	2.27	0.42	3.56	0.36	-61.27	8	7	1	0.9996
06:51:58 PM	0	0	71	30.7	87.26	2.89	1.03	2.27	0.42	3.56	0.36	-61.27	8	7	1	0.9996
06:51:59 PM	0	0	71	30.7	87.26	2.65	0.96	2.13	0.39	3.38	0.33	-61.27	8	6	2	0.7344
06:51:59 PM	0	0	71	30.7	87.26	2.65	0.96	2.13	0.39	3.38	0.33	-61.27	8	6	2	0.7344
06:52:00 PM	0	0	71.1	30.8	87.44	3.01	1.07	2.34	0.43	3.65	0.37	-62.11	8	6	2	0.7344
06:52:00 PM	0	0	71.1	30.8	87.44	3.01	1.07	2.34	0.43	3.65	0.37	-62.11	8	6	2	0.7344
06:52:01 PM	0	0	71.1	30.8	87.44	2.54	0.93	2.07	0.37	3.29	0.32	-60.43	8	7	1	0.9996
06:52:01 PM	0	0	71.1	30.8	87.44	2.54	0.93	2.07	0.37	3.29	0.32	-60.43	8	7	1	0.9996
06:52:02 PM	0	0	70.9	30.7	87.26	3.01	1.07	2.34	0.43	3.65	0.37	-61.27	8	6	2	0.7344
06:52:02 PM	0	0	70.9	30.7	87.26	3.01	1.07	2.34	0.43	3.65	0.37	-61.27	8	6	2	0.7344
06:52:03 PM	0	0	70.9	30.7	87.26	3.01	1.07	2.34	0.43	3.65	0.37	-61.27	8	7	1	0.9996
06:52:03 PM	0	0	70.9	30.7	87.26	3.01	1.07	2.34	0.43	3.65	0.37	-61.27	8	7	1	0.9996
06:52:04 PM	0	0	70.9	30.7	87.26	2.89	1.03	2.27	0.42	3.56	0.36	-60.43	8	7	1	0.9996
06:52:04 PM	0	0	70.9	30.7	87.26	2.89	1.03	2.27	0.42	3.56	0.36	-60.43	8	7	1	0.9996
06:52:05 PM	0	0	71	30.8	87.44	3.01	1.07	2.34	0.43	3.65	0.37	-60.43	8	6	2	0.7344
06:52:05 PM	0	0	71	30.8	87.44	3.01	1.07	2.34	0.43	3.65	0.37	-60.43	8	6	2	0.7344
06:52:06 PM	0	0	71	30.8	87.44	2.65	0.96	2.13	0.39	3.38	0.33	-59.59	8	7	1	0.9996
06:52:06 PM	0	0	71	30.8	87.44	2.65	0.96	2.13	0.39	3.38	0.33	-59.59	8	7	1	0.9996
06:52:07 PM	0	0	71	30.8	87.44	3.27	1.14	2.48	0.47	3.85	0.4	-61.27	8	7	1	0.9996
06:52:07 PM	0	0	71	30.8	87.44	3.27	1.14	2.48	0.47	3.85	0.4	-61.27	8	7	1	0.9996
06:52:08 PM	0	0	71	30.8	87.44	2.54	0.93	2.07	0.37	3.29	0.32	-63.79	8	7	1	0.9996
06:52:08 PM	0	0	71	30.8	87.44	2.54	0.93	2.07	0.37	3.29	0.32	-63.79	8	7	1	0.9996

